{
  "Technology": {
    "score": 0.11970565110666267,
    "flow": "INFLOW",
    "momentum_21d": 0.13038321826544275
  },
  "Healthcare": {
    "score": 0.014831061302892018,
    "flow": "NEUTRAL",
    "momentum_21d": 0.038979127905869104
  },
  "Financials": {
    "score": 0.005615436536690942,
    "flow": "NEUTRAL",
    "momentum_21d": 0.010793471896912044
  },
  "Energy": {
    "score": 0.03900398507468014,
    "flow": "INFLOW",
    "momentum_21d": 0.04193779112053564
  },
  "Consumer": {
    "score": -0.00026100176710166373,
    "flow": "NEUTRAL",
    "momentum_21d": 0.007077229089327064
  },
  "Industrials": {
    "score": -0.020702556548671293,
    "flow": "OUTFLOW",
    "momentum_21d": -0.002377246241128672
  },
  "Utilities": {
    "score": -0.024566391858210523,
    "flow": "OUTFLOW",
    "momentum_21d": -0.01905589134473451
  },
  "Materials": {
    "score": -0.04811991548773105,
    "flow": "OUTFLOW",
    "momentum_21d": -0.032453729160599076
  },
  "Real Estate": {
    "score": 0.00274362211741108,
    "flow": "NEUTRAL",
    "momentum_21d": 0.016541146334322354
  },
  "Communications": {
    "score": -0.00811287861695933,
    "flow": "NEUTRAL",
    "momentum_21d": 0.0018175444245165373
  },
  "Staples": {
    "score": -0.00547218570571564,
    "flow": "NEUTRAL",
    "momentum_21d": 0.01814242996435178
  }
}