{
  "Technology": {
    "score": 0.009356060688700773,
    "flow": "NEUTRAL",
    "momentum_21d": -0.022483040523107678
  },
  "Healthcare": {
    "score": 0.02065927322552792,
    "flow": "INFLOW",
    "momentum_21d": 0.037126671423622026
  },
  "Financials": {
    "score": 0.0476821626792765,
    "flow": "INFLOW",
    "momentum_21d": 0.06812676461974077
  },
  "Energy": {
    "score": 0.006970559151758782,
    "flow": "NEUTRAL",
    "momentum_21d": -0.01729033612275621
  },
  "Consumer": {
    "score": 0.005688392613534399,
    "flow": "NEUTRAL",
    "momentum_21d": 0.011488400470949234
  },
  "Industrials": {
    "score": 0.005939954260728426,
    "flow": "NEUTRAL",
    "momentum_21d": 0.0245943776564872
  },
  "Utilities": {
    "score": 0.010982288028213397,
    "flow": "NEUTRAL",
    "momentum_21d": 0.035539763285501014
  },
  "Materials": {
    "score": -0.01576129887252941,
    "flow": "NEUTRAL",
    "momentum_21d": -0.026076851159023806
  },
  "Real Estate": {
    "score": 0.003705261045339695,
    "flow": "NEUTRAL",
    "momentum_21d": -0.0011028610837239272
  },
  "Communications": {
    "score": 0.005472457124954733,
    "flow": "NEUTRAL",
    "momentum_21d": 0.014487197354135395
  },
  "Staples": {
    "score": -0.00040838653092270847,
    "flow": "NEUTRAL",
    "momentum_21d": -0.015061023157370457
  }
}