{
  "Technology": {
    "score": 0.002995580026142064,
    "flow": "NEUTRAL",
    "momentum_21d": -0.0464936848470745
  },
  "Healthcare": {
    "score": 0.0350002948183816,
    "flow": "INFLOW",
    "momentum_21d": 0.06450142728788455
  },
  "Financials": {
    "score": 0.04777559513912567,
    "flow": "INFLOW",
    "momentum_21d": 0.04800049190747413
  },
  "Energy": {
    "score": 0.04373744537891906,
    "flow": "INFLOW",
    "momentum_21d": 0.0393239157595906
  },
  "Consumer": {
    "score": 0.0002907453847342076,
    "flow": "NEUTRAL",
    "momentum_21d": -0.002494593573749926
  },
  "Industrials": {
    "score": 0.0050957287025270685,
    "flow": "NEUTRAL",
    "momentum_21d": 0.004745562108034118
  },
  "Utilities": {
    "score": 0.0014814696091742918,
    "flow": "NEUTRAL",
    "momentum_21d": 0.015654163266881405
  },
  "Materials": {
    "score": -0.01878088446925098,
    "flow": "NEUTRAL",
    "momentum_21d": -0.03200675675037723
  },
  "Real Estate": {
    "score": 0.011314066956066779,
    "flow": "NEUTRAL",
    "momentum_21d": 0.01133507406232459
  },
  "Communications": {
    "score": 0.007329574614116015,
    "flow": "NEUTRAL",
    "momentum_21d": 0.016169444340966788
  },
  "Staples": {
    "score": 0.007999011416965289,
    "flow": "NEUTRAL",
    "momentum_21d": 0.002468058049314159
  }
}