{
  "Technology": {
    "score": 0.14286476658351932,
    "flow": "INFLOW",
    "momentum_21d": 0.15301731920469175
  },
  "Healthcare": {
    "score": 0.0021301419673333626,
    "flow": "NEUTRAL",
    "momentum_21d": 0.035201363143952724
  },
  "Financials": {
    "score": -0.00699843923179584,
    "flow": "NEUTRAL",
    "momentum_21d": 0.0007719957492744456
  },
  "Energy": {
    "score": 0.017297197346615084,
    "flow": "NEUTRAL",
    "momentum_21d": 0.019024097369189308
  },
  "Consumer": {
    "score": 0.004308812229135216,
    "flow": "NEUTRAL",
    "momentum_21d": 0.013662598950997085
  },
  "Industrials": {
    "score": -0.005726081635752089,
    "flow": "NEUTRAL",
    "momentum_21d": 0.010376259938092769
  },
  "Utilities": {
    "score": -0.025519537080447456,
    "flow": "OUTFLOW",
    "momentum_21d": -0.018618679827303808
  },
  "Materials": {
    "score": -0.031098294947043248,
    "flow": "OUTFLOW",
    "momentum_21d": -0.015256800298456996
  },
  "Real Estate": {
    "score": 0.008558460425588119,
    "flow": "NEUTRAL",
    "momentum_21d": 0.028052365116599143
  },
  "Communications": {
    "score": -0.012828417874844233,
    "flow": "NEUTRAL",
    "momentum_21d": -0.0022450091729291355
  },
  "Staples": {
    "score": -0.015980612614931625,
    "flow": "NEUTRAL",
    "momentum_21d": 0.01566675944742202
  }
}