{
  "Technology": {
    "score": 0.15669895689056507,
    "flow": "INFLOW",
    "momentum_21d": 0.19535600394408847
  },
  "Healthcare": {
    "score": -0.05680331646587214,
    "flow": "OUTFLOW",
    "momentum_21d": -0.027727627094642715
  },
  "Financials": {
    "score": -0.013504268643923335,
    "flow": "NEUTRAL",
    "momentum_21d": 0.014060511975578782
  },
  "Energy": {
    "score": -0.0058036733792819735,
    "flow": "NEUTRAL",
    "momentum_21d": -0.020068922150537793
  },
  "Consumer": {
    "score": 0.04982959090215163,
    "flow": "INFLOW",
    "momentum_21d": 0.086536762260369
  },
  "Industrials": {
    "score": 0.018720068058878846,
    "flow": "NEUTRAL",
    "momentum_21d": 0.039163359282704535
  },
  "Utilities": {
    "score": -0.014560978790587362,
    "flow": "NEUTRAL",
    "momentum_21d": -0.020094028457414037
  },
  "Materials": {
    "score": 0.004844573173539302,
    "flow": "NEUTRAL",
    "momentum_21d": 0.016328526003925203
  },
  "Real Estate": {
    "score": 0.03616569258036381,
    "flow": "INFLOW",
    "momentum_21d": 0.05655046191185553
  },
  "Communications": {
    "score": 0.0026117327029933834,
    "flow": "NEUTRAL",
    "momentum_21d": 0.032158894127249704
  },
  "Staples": {
    "score": -0.008583159846039502,
    "flow": "NEUTRAL",
    "momentum_21d": 0.019690805832920155
  }
}