{
  "Technology": {
    "score": 0.13517825849848433,
    "flow": "INFLOW",
    "momentum_21d": 0.23591448266045068
  },
  "Healthcare": {
    "score": -0.05036738658648468,
    "flow": "OUTFLOW",
    "momentum_21d": 0.0013961483645157369
  },
  "Financials": {
    "score": 0.009062805204878737,
    "flow": "NEUTRAL",
    "momentum_21d": 0.08366450293043903
  },
  "Energy": {
    "score": -0.026159152537477044,
    "flow": "OUTFLOW",
    "momentum_21d": -0.09255116349788461
  },
  "Consumer": {
    "score": 0.019631693999581278,
    "flow": "NEUTRAL",
    "momentum_21d": 0.115064307320212
  },
  "Industrials": {
    "score": 0.024389739737548124,
    "flow": "INFLOW",
    "momentum_21d": 0.0836055139053864
  },
  "Utilities": {
    "score": -0.0066036581891627776,
    "flow": "NEUTRAL",
    "momentum_21d": 0.013160747359353353
  },
  "Materials": {
    "score": 0.007394533655810935,
    "flow": "NEUTRAL",
    "momentum_21d": 0.05867918505087921
  },
  "Real Estate": {
    "score": 0.021425521663409025,
    "flow": "INFLOW",
    "momentum_21d": 0.08697834298734963
  },
  "Communications": {
    "score": 0.008560598731554694,
    "flow": "NEUTRAL",
    "momentum_21d": 0.08193195597959146
  },
  "Staples": {
    "score": -0.013862579872385204,
    "flow": "NEUTRAL",
    "momentum_21d": 0.006847610258652992
  }
}