{
  "Technology": {
    "score": 0.13299086827800344,
    "flow": "INFLOW",
    "momentum_21d": 0.2092075563826652
  },
  "Healthcare": {
    "score": -0.03586885788072904,
    "flow": "OUTFLOW",
    "momentum_21d": -0.010704080956384976
  },
  "Financials": {
    "score": -0.003529820183559557,
    "flow": "NEUTRAL",
    "momentum_21d": 0.04831802178896005
  },
  "Energy": {
    "score": -0.019463092114976804,
    "flow": "NEUTRAL",
    "momentum_21d": -0.07558519979321765
  },
  "Consumer": {
    "score": 0.02167914651521264,
    "flow": "INFLOW",
    "momentum_21d": 0.0906000224612511
  },
  "Industrials": {
    "score": 0.023359638142846247,
    "flow": "INFLOW",
    "momentum_21d": 0.06944872977940841
  },
  "Utilities": {
    "score": 0.0036200658151183673,
    "flow": "NEUTRAL",
    "momentum_21d": 0.01875134435884318
  },
  "Materials": {
    "score": 0.010083640778266926,
    "flow": "NEUTRAL",
    "momentum_21d": 0.05764917513874224
  },
  "Real Estate": {
    "score": 0.02962914098312768,
    "flow": "INFLOW",
    "momentum_21d": 0.08786301402547414
  },
  "Communications": {
    "score": 0.005809965216552743,
    "flow": "NEUTRAL",
    "momentum_21d": 0.061850965057778984
  },
  "Staples": {
    "score": -4.7243432142334003e-05,
    "flow": "NEUTRAL",
    "momentum_21d": 0.025757998311641384
  }
}