{
  "Technology": {
    "score": 0.0547085492032845,
    "flow": "INFLOW",
    "momentum_21d": -0.030823671021054433
  },
  "Healthcare": {
    "score": 0.07514415267398236,
    "flow": "INFLOW",
    "momentum_21d": 0.08138520276014671
  },
  "Financials": {
    "score": 0.029757396176321633,
    "flow": "INFLOW",
    "momentum_21d": 0.047892803009213836
  },
  "Energy": {
    "score": -0.037621350913450126,
    "flow": "OUTFLOW",
    "momentum_21d": -0.05422287488349331
  },
  "Consumer": {
    "score": 0.012175300288292125,
    "flow": "NEUTRAL",
    "momentum_21d": -0.006697091547335332
  },
  "Industrials": {
    "score": 0.07637580570581111,
    "flow": "INFLOW",
    "momentum_21d": 0.0727895050137628
  },
  "Utilities": {
    "score": 0.031424869878768025,
    "flow": "INFLOW",
    "momentum_21d": 0.06908029577299435
  },
  "Materials": {
    "score": -0.00017967595739262472,
    "flow": "NEUTRAL",
    "momentum_21d": 0.003443433004876262
  },
  "Real Estate": {
    "score": 0.03647520544968776,
    "flow": "INFLOW",
    "momentum_21d": 0.033941047120362944
  },
  "Communications": {
    "score": -0.050330859885245174,
    "flow": "OUTFLOW",
    "momentum_21d": -0.06924830528688297
  },
  "Staples": {
    "score": 0.010853748474818787,
    "flow": "NEUTRAL",
    "momentum_21d": 0.02541284922625997
  }
}