{
  "Technology": {
    "score": 0.0900584199791443,
    "flow": "INFLOW",
    "momentum_21d": 0.07402016108017873
  },
  "Healthcare": {
    "score": 0.00810297828707247,
    "flow": "NEUTRAL",
    "momentum_21d": 0.013263663028246109
  },
  "Financials": {
    "score": 0.04598173463274298,
    "flow": "INFLOW",
    "momentum_21d": 0.037985698240409205
  },
  "Energy": {
    "score": -0.08436106208859098,
    "flow": "OUTFLOW",
    "momentum_21d": -0.08565875782027443
  },
  "Consumer": {
    "score": -0.007977127829407226,
    "flow": "NEUTRAL",
    "momentum_21d": -0.030497011038390864
  },
  "Industrials": {
    "score": 0.06896345309036692,
    "flow": "INFLOW",
    "momentum_21d": 0.06582423141891436
  },
  "Utilities": {
    "score": 0.004973125313994675,
    "flow": "NEUTRAL",
    "momentum_21d": -0.0052222357855902235
  },
  "Materials": {
    "score": 0.04124008949268024,
    "flow": "INFLOW",
    "momentum_21d": 0.031087570790584218
  },
  "Real Estate": {
    "score": 0.012108583927232172,
    "flow": "NEUTRAL",
    "momentum_21d": -0.011797787098402401
  },
  "Communications": {
    "score": -0.08048736962203286,
    "flow": "OUTFLOW",
    "momentum_21d": -0.07898362006429593
  },
  "Staples": {
    "score": -0.0147108869301794,
    "flow": "NEUTRAL",
    "momentum_21d": -0.027699044640517312
  }
}