{
  "Technology": {
    "score": 0.008359127870589867,
    "flow": "NEUTRAL",
    "momentum_21d": -0.07860503691256537
  },
  "Healthcare": {
    "score": 0.11360241922798942,
    "flow": "INFLOW",
    "momentum_21d": 0.11461968149583401
  },
  "Financials": {
    "score": 0.08855167069211109,
    "flow": "INFLOW",
    "momentum_21d": 0.0972053355045992
  },
  "Energy": {
    "score": -0.04303105038988886,
    "flow": "OUTFLOW",
    "momentum_21d": -0.08697303635091413
  },
  "Consumer": {
    "score": 0.028840099350811048,
    "flow": "INFLOW",
    "momentum_21d": 0.005340346654609585
  },
  "Industrials": {
    "score": 0.062497954766735815,
    "flow": "INFLOW",
    "momentum_21d": 0.059250101023452295
  },
  "Utilities": {
    "score": 0.03621091058038681,
    "flow": "INFLOW",
    "momentum_21d": 0.05358500303584934
  },
  "Materials": {
    "score": 0.016966607331416063,
    "flow": "NEUTRAL",
    "momentum_21d": 0.01112660510615604
  },
  "Real Estate": {
    "score": 0.0583295006301971,
    "flow": "INFLOW",
    "momentum_21d": 0.03588891822225637
  },
  "Communications": {
    "score": -0.009848737643197401,
    "flow": "NEUTRAL",
    "momentum_21d": -0.019583098531567922
  },
  "Staples": {
    "score": 0.04003255818801217,
    "flow": "INFLOW",
    "momentum_21d": 0.041622509156430176
  }
}