{
  "Technology": {
    "score": 0.0777814749816658,
    "flow": "INFLOW",
    "momentum_21d": 0.1565920549392641
  },
  "Healthcare": {
    "score": -0.022780730511663294,
    "flow": "OUTFLOW",
    "momentum_21d": 0.010497992561247838
  },
  "Financials": {
    "score": 0.008455867200719143,
    "flow": "NEUTRAL",
    "momentum_21d": 0.05894891773444133
  },
  "Energy": {
    "score": -0.01902948633591036,
    "flow": "NEUTRAL",
    "momentum_21d": -0.07355355790430163
  },
  "Consumer": {
    "score": 0.025211146216023734,
    "flow": "INFLOW",
    "momentum_21d": 0.08470095632456842
  },
  "Industrials": {
    "score": 0.005351946845636765,
    "flow": "NEUTRAL",
    "momentum_21d": 0.041158536585365946
  },
  "Utilities": {
    "score": -0.013337901234552993,
    "flow": "NEUTRAL",
    "momentum_21d": -0.0012197894209282634
  },
  "Materials": {
    "score": 0.021164828111044965,
    "flow": "INFLOW",
    "momentum_21d": 0.07131058744998486
  },
  "Real Estate": {
    "score": 0.027529675295545848,
    "flow": "INFLOW",
    "momentum_21d": 0.0781831134177926
  },
  "Communications": {
    "score": 0.015841658466397956,
    "flow": "NEUTRAL",
    "momentum_21d": 0.0573652493256398
  },
  "Staples": {
    "score": -0.010388032574206667,
    "flow": "NEUTRAL",
    "momentum_21d": 0.012760399764844221
  }
}