{
  "Technology": {
    "score": 0.13520033969240122,
    "flow": "INFLOW",
    "momentum_21d": 0.23591448266045068
  },
  "Healthcare": {
    "score": -0.05034530539256779,
    "flow": "OUTFLOW",
    "momentum_21d": 0.0013961483645157369
  },
  "Financials": {
    "score": 0.008867746802772606,
    "flow": "NEUTRAL",
    "momentum_21d": 0.08335069402195217
  },
  "Energy": {
    "score": -0.025899990144621923,
    "flow": "OUTFLOW",
    "momentum_21d": -0.09223146309307917
  },
  "Consumer": {
    "score": 0.0196597092466127,
    "flow": "NEUTRAL",
    "momentum_21d": 0.1150832941744504
  },
  "Industrials": {
    "score": 0.02432052877229958,
    "flow": "INFLOW",
    "momentum_21d": 0.08351129663191936
  },
  "Utilities": {
    "score": -0.006581576995245888,
    "flow": "NEUTRAL",
    "momentum_21d": 0.013160747359353353
  },
  "Materials": {
    "score": 0.007409990491552758,
    "flow": "NEUTRAL",
    "momentum_21d": 0.05867918505087921
  },
  "Real Estate": {
    "score": 0.02144097849915085,
    "flow": "INFLOW",
    "momentum_21d": 0.08697834298734963
  },
  "Communications": {
    "score": 0.008576055567296516,
    "flow": "NEUTRAL",
    "momentum_21d": 0.08193195597959146
  },
  "Staples": {
    "score": -0.013847123036643382,
    "flow": "NEUTRAL",
    "momentum_21d": 0.006847610258652992
  }
}