{
  "Technology": {
    "score": 0.06040618502206408,
    "flow": "INFLOW",
    "momentum_21d": 0.001952468641511329
  },
  "Healthcare": {
    "score": 0.04794307265143447,
    "flow": "INFLOW",
    "momentum_21d": 0.050583908486411255
  },
  "Financials": {
    "score": 0.03490650560308601,
    "flow": "INFLOW",
    "momentum_21d": 0.04312009678693829
  },
  "Energy": {
    "score": -0.05496984283896892,
    "flow": "OUTFLOW",
    "momentum_21d": -0.044041382310257005
  },
  "Consumer": {
    "score": -0.027304713749285066,
    "flow": "OUTFLOW",
    "momentum_21d": -0.06560372696605143
  },
  "Industrials": {
    "score": 0.07831102201820368,
    "flow": "INFLOW",
    "momentum_21d": 0.05893852419812751
  },
  "Utilities": {
    "score": 0.03274863704780875,
    "flow": "INFLOW",
    "momentum_21d": 0.02221473045940514
  },
  "Materials": {
    "score": 0.028904361619094533,
    "flow": "INFLOW",
    "momentum_21d": 0.01668298725677242
  },
  "Real Estate": {
    "score": 0.03142238937009083,
    "flow": "INFLOW",
    "momentum_21d": 0.00785869320513255
  },
  "Communications": {
    "score": -0.08208720269814161,
    "flow": "OUTFLOW",
    "momentum_21d": -0.08950054316462963
  },
  "Staples": {
    "score": 0.009169360112908632,
    "flow": "NEUTRAL",
    "momentum_21d": -0.0006806738580364957
  }
}