{
  "Technology": {
    "score": 0.15179202289972124,
    "flow": "INFLOW",
    "momentum_21d": 0.12050100254946972
  },
  "Healthcare": {
    "score": -0.012476610514271402,
    "flow": "NEUTRAL",
    "momentum_21d": 0.005123650601053242
  },
  "Financials": {
    "score": -0.015225296101376252,
    "flow": "NEUTRAL",
    "momentum_21d": -0.010534365958725256
  },
  "Energy": {
    "score": 0.060378903089028664,
    "flow": "INFLOW",
    "momentum_21d": 0.05765826439238575
  },
  "Consumer": {
    "score": -0.016226661484611594,
    "flow": "NEUTRAL",
    "momentum_21d": -0.008324206350199148
  },
  "Industrials": {
    "score": -0.02178545966169694,
    "flow": "OUTFLOW",
    "momentum_21d": -0.0018124273313969708
  },
  "Utilities": {
    "score": -0.02302836360012749,
    "flow": "OUTFLOW",
    "momentum_21d": -0.008023191863633983
  },
  "Materials": {
    "score": -0.06501125307344441,
    "flow": "OUTFLOW",
    "momentum_21d": -0.04071002384351308
  },
  "Real Estate": {
    "score": 0.008280437479666624,
    "flow": "NEUTRAL",
    "momentum_21d": 0.022319402695286428
  },
  "Communications": {
    "score": -0.019833278381228815,
    "flow": "NEUTRAL",
    "momentum_21d": -0.015100091794795656
  },
  "Staples": {
    "score": 0.013520805844605866,
    "flow": "NEUTRAL",
    "momentum_21d": 0.04152960671498218
  }
}