{
  "Technology": {
    "score": -0.007582768577139909,
    "flow": "NEUTRAL",
    "momentum_21d": -0.07437817555602899
  },
  "Healthcare": {
    "score": 0.04770087448152972,
    "flow": "INFLOW",
    "momentum_21d": 0.07486700466122276
  },
  "Financials": {
    "score": 0.040930781775866815,
    "flow": "INFLOW",
    "momentum_21d": 0.051458360859946595
  },
  "Energy": {
    "score": 0.07946396157097979,
    "flow": "INFLOW",
    "momentum_21d": 0.09141139005604892
  },
  "Consumer": {
    "score": -0.02378892987062288,
    "flow": "OUTFLOW",
    "momentum_21d": -0.018917898033369407
  },
  "Industrials": {
    "score": -0.006087583358381154,
    "flow": "NEUTRAL",
    "momentum_21d": -0.01166980355152858
  },
  "Utilities": {
    "score": -0.0003644691040786749,
    "flow": "NEUTRAL",
    "momentum_21d": 0.01125557031939639
  },
  "Materials": {
    "score": -0.021140350974034296,
    "flow": "OUTFLOW",
    "momentum_21d": -0.029970762881060486
  },
  "Real Estate": {
    "score": 0.019207825690067664,
    "flow": "NEUTRAL",
    "momentum_21d": 0.04015728004075192
  },
  "Communications": {
    "score": -0.0024147405432985536,
    "flow": "NEUTRAL",
    "momentum_21d": 0.01684587583164987
  },
  "Staples": {
    "score": 0.01942581958646783,
    "flow": "NEUTRAL",
    "momentum_21d": 0.024164115265595587
  }
}