{
  "Technology": {
    "score": 0.024028405301612227,
    "flow": "INFLOW",
    "momentum_21d": -0.0027354728329685996
  },
  "Healthcare": {
    "score": 0.01926376980184855,
    "flow": "NEUTRAL",
    "momentum_21d": 0.034710429061629355
  },
  "Financials": {
    "score": 0.05682614587721754,
    "flow": "INFLOW",
    "momentum_21d": 0.05646244916463394
  },
  "Energy": {
    "score": 0.015934032016404285,
    "flow": "NEUTRAL",
    "momentum_21d": -0.008977146841174344
  },
  "Consumer": {
    "score": -0.010663594638039986,
    "flow": "NEUTRAL",
    "momentum_21d": -0.005311749431342938
  },
  "Industrials": {
    "score": 0.006642607992588358,
    "flow": "NEUTRAL",
    "momentum_21d": 0.02519180103483354
  },
  "Utilities": {
    "score": 0.008312827579331338,
    "flow": "NEUTRAL",
    "momentum_21d": 0.03124576210179919
  },
  "Materials": {
    "score": -0.015403992122513427,
    "flow": "NEUTRAL",
    "momentum_21d": -0.025980723553222673
  },
  "Real Estate": {
    "score": 5.7563941453466886e-05,
    "flow": "NEUTRAL",
    "momentum_21d": -0.01169928396540798
  },
  "Communications": {
    "score": 0.0023817958253836554,
    "flow": "NEUTRAL",
    "momentum_21d": 0.0032749581621045465
  },
  "Staples": {
    "score": -0.00287931661200875,
    "flow": "NEUTRAL",
    "momentum_21d": -0.018932982976499924
  }
}