{
  "Technology": {
    "score": 0.003988534496403791,
    "flow": "NEUTRAL",
    "momentum_21d": -0.021282361241035996
  },
  "Healthcare": {
    "score": 0.02364051169570034,
    "flow": "INFLOW",
    "momentum_21d": 0.047640953797692065
  },
  "Financials": {
    "score": 0.03458349512439829,
    "flow": "INFLOW",
    "momentum_21d": 0.04027464970169525
  },
  "Energy": {
    "score": 0.07463649869971767,
    "flow": "INFLOW",
    "momentum_21d": 0.08703638924258161
  },
  "Consumer": {
    "score": -0.017768415720305766,
    "flow": "NEUTRAL",
    "momentum_21d": 0.0022854650312382763
  },
  "Industrials": {
    "score": 0.004097480711568013,
    "flow": "NEUTRAL",
    "momentum_21d": 0.003929341740185555
  },
  "Utilities": {
    "score": 0.017120180842911382,
    "flow": "NEUTRAL",
    "momentum_21d": 0.019081442559901518
  },
  "Materials": {
    "score": -0.0028584250655455125,
    "flow": "NEUTRAL",
    "momentum_21d": -0.0009828826048826622
  },
  "Real Estate": {
    "score": 0.010228611578170026,
    "flow": "NEUTRAL",
    "momentum_21d": 0.008288506651964012
  },
  "Communications": {
    "score": -0.008802955037943165,
    "flow": "NEUTRAL",
    "momentum_21d": 0.017991986254998427
  },
  "Staples": {
    "score": 0.011381204849116089,
    "flow": "NEUTRAL",
    "momentum_21d": 0.007883373424409701
  }
}