{
  "Technology": {
    "score": 0.07370981011508199,
    "flow": "INFLOW",
    "momentum_21d": 0.19082017889409708
  },
  "Healthcare": {
    "score": -0.05472173353674133,
    "flow": "OUTFLOW",
    "momentum_21d": -0.028170007950473308
  },
  "Financials": {
    "score": 0.00015913226628439957,
    "flow": "NEUTRAL",
    "momentum_21d": 0.04992911091589902
  },
  "Energy": {
    "score": 0.004996741198536534,
    "flow": "NEUTRAL",
    "momentum_21d": -0.0408096648465176
  },
  "Consumer": {
    "score": 0.004921932848327973,
    "flow": "NEUTRAL",
    "momentum_21d": 0.07001372912933967
  },
  "Industrials": {
    "score": 0.009987254134980863,
    "flow": "NEUTRAL",
    "momentum_21d": 0.048723212087927514
  },
  "Utilities": {
    "score": -0.006750937204421664,
    "flow": "NEUTRAL",
    "momentum_21d": -0.001743255990878656
  },
  "Materials": {
    "score": -0.005691060142921794,
    "flow": "NEUTRAL",
    "momentum_21d": 0.019811843898041914
  },
  "Real Estate": {
    "score": 0.0277955927413453,
    "flow": "INFLOW",
    "momentum_21d": 0.0691892437313959
  },
  "Communications": {
    "score": -0.014058665453660215,
    "flow": "NEUTRAL",
    "momentum_21d": 0.039960312834078415
  },
  "Staples": {
    "score": -0.0037714398699299325,
    "flow": "NEUTRAL",
    "momentum_21d": 0.010002435487273864
  }
}