{
  "Technology": {
    "score": 0.023204113419301974,
    "flow": "INFLOW",
    "momentum_21d": -0.003791882846039152
  },
  "Healthcare": {
    "score": 0.017068523828931457,
    "flow": "NEUTRAL",
    "momentum_21d": 0.031641226321965865
  },
  "Financials": {
    "score": 0.04448086040911392,
    "flow": "INFLOW",
    "momentum_21d": 0.06323525897284976
  },
  "Energy": {
    "score": 0.01216564971034394,
    "flow": "NEUTRAL",
    "momentum_21d": -0.012564987892204837
  },
  "Consumer": {
    "score": -0.008855311238084852,
    "flow": "NEUTRAL",
    "momentum_21d": -0.0034211867588231915
  },
  "Industrials": {
    "score": 0.009440443869298414,
    "flow": "NEUTRAL",
    "momentum_21d": 0.02931698298155161
  },
  "Utilities": {
    "score": 0.01316363835147581,
    "flow": "NEUTRAL",
    "momentum_21d": 0.038364784483074565
  },
  "Materials": {
    "score": -0.012609985233354135,
    "flow": "NEUTRAL",
    "momentum_21d": -0.021941089334172492
  },
  "Real Estate": {
    "score": 0.0010316205847888788,
    "flow": "NEUTRAL",
    "momentum_21d": -0.01025148633402384
  },
  "Communications": {
    "score": 0.0023269235494043613,
    "flow": "NEUTRAL",
    "momentum_21d": 0.0032749581621045465
  },
  "Staples": {
    "score": -0.00046648393052629806,
    "flow": "NEUTRAL",
    "momentum_21d": -0.015471636735082228
  }
}