{
  "Technology": {
    "score": -0.009314450036560397,
    "flow": "NEUTRAL",
    "momentum_21d": -0.053824725970139875
  },
  "Healthcare": {
    "score": 0.051510405280910374,
    "flow": "INFLOW",
    "momentum_21d": 0.07358798368282016
  },
  "Financials": {
    "score": 0.03712433325735311,
    "flow": "INFLOW",
    "momentum_21d": 0.044534256109474146
  },
  "Energy": {
    "score": 0.06706047644402886,
    "flow": "INFLOW",
    "momentum_21d": 0.06266650652194983
  },
  "Consumer": {
    "score": -0.014772703257157273,
    "flow": "NEUTRAL",
    "momentum_21d": 0.0015589048043405107
  },
  "Industrials": {
    "score": -0.0030791523600995348,
    "flow": "NEUTRAL",
    "momentum_21d": 0.0013998356921989252
  },
  "Utilities": {
    "score": 0.006181988447177466,
    "flow": "NEUTRAL",
    "momentum_21d": 0.022456836956345372
  },
  "Materials": {
    "score": -0.018547051335264034,
    "flow": "NEUTRAL",
    "momentum_21d": -0.025010871539766333
  },
  "Real Estate": {
    "score": 0.02347723536066521,
    "flow": "INFLOW",
    "momentum_21d": 0.042028750225903355
  },
  "Communications": {
    "score": -0.003988020130748167,
    "flow": "NEUTRAL",
    "momentum_21d": 0.015914487630677154
  },
  "Staples": {
    "score": 0.023351922797751848,
    "flow": "INFLOW",
    "momentum_21d": 0.0251087764215574
  }
}