{
  "Technology": {
    "score": 0.13916856692704674,
    "flow": "INFLOW",
    "momentum_21d": 0.2071600286545041
  },
  "Healthcare": {
    "score": -0.05169195603855679,
    "flow": "OUTFLOW",
    "momentum_21d": -0.009142467965601808
  },
  "Financials": {
    "score": -0.014856804311088333,
    "flow": "NEUTRAL",
    "momentum_21d": 0.03338005343176298
  },
  "Energy": {
    "score": 0.013555219811062608,
    "flow": "NEUTRAL",
    "momentum_21d": -0.008892949613847456
  },
  "Consumer": {
    "score": 0.034770753154935156,
    "flow": "INFLOW",
    "momentum_21d": 0.099641863735767
  },
  "Industrials": {
    "score": 0.011767588013057214,
    "flow": "NEUTRAL",
    "momentum_21d": 0.04973215382063256
  },
  "Utilities": {
    "score": 0.01166635095126601,
    "flow": "NEUTRAL",
    "momentum_21d": 0.010481966837114776
  },
  "Materials": {
    "score": -0.005752724899571661,
    "flow": "NEUTRAL",
    "momentum_21d": 0.03075073970694464
  },
  "Real Estate": {
    "score": 0.03771521143327763,
    "flow": "INFLOW",
    "momentum_21d": 0.058724757347955236
  },
  "Communications": {
    "score": -0.01480743368945612,
    "flow": "NEUTRAL",
    "momentum_21d": 0.03246286230839601
  },
  "Staples": {
    "score": -0.00020377502617392393,
    "flow": "NEUTRAL",
    "momentum_21d": 0.035318668985216295
  }
}