{
  "Technology": {
    "score": -0.007346985284268047,
    "flow": "NEUTRAL",
    "momentum_21d": -0.07359373790525625
  },
  "Healthcare": {
    "score": 0.050408735774693125,
    "flow": "INFLOW",
    "momentum_21d": 0.07816118979664322
  },
  "Financials": {
    "score": 0.04163449834994097,
    "flow": "INFLOW",
    "momentum_21d": 0.05267595124293334
  },
  "Energy": {
    "score": 0.07785230386021826,
    "flow": "INFLOW",
    "momentum_21d": 0.0902875246220709
  },
  "Consumer": {
    "score": -0.015157538290139322,
    "flow": "NEUTRAL",
    "momentum_21d": -0.016266627047348825
  },
  "Industrials": {
    "score": -0.004026906857403567,
    "flow": "NEUTRAL",
    "momentum_21d": -0.009120809806696828
  },
  "Utilities": {
    "score": 0.0006590214154313942,
    "flow": "NEUTRAL",
    "momentum_21d": 0.013243113800394557
  },
  "Materials": {
    "score": -0.020542580255505094,
    "flow": "OUTFLOW",
    "momentum_21d": -0.028614626452405534
  },
  "Real Estate": {
    "score": 0.01869834622722607,
    "flow": "NEUTRAL",
    "momentum_21d": 0.03992732255524967
  },
  "Communications": {
    "score": -0.00019063348820760683,
    "flow": "NEUTRAL",
    "momentum_21d": 0.0206016574920016
  },
  "Staples": {
    "score": 0.014005004629428008,
    "flow": "NEUTRAL",
    "momentum_21d": 0.025252092075098265
  }
}