{
  "Technology": {
    "score": 0.045797097014512955,
    "flow": "INFLOW",
    "momentum_21d": -0.033976770860774996
  },
  "Healthcare": {
    "score": 0.08178970694157787,
    "flow": "INFLOW",
    "momentum_21d": 0.07624509184884443
  },
  "Financials": {
    "score": 0.03596956825529759,
    "flow": "INFLOW",
    "momentum_21d": 0.044748151057414365
  },
  "Energy": {
    "score": -0.03072507213980269,
    "flow": "OUTFLOW",
    "momentum_21d": -0.03439011452973639
  },
  "Consumer": {
    "score": 0.00487423296300377,
    "flow": "NEUTRAL",
    "momentum_21d": -0.03290756463453959
  },
  "Industrials": {
    "score": 0.07265207055910523,
    "flow": "INFLOW",
    "momentum_21d": 0.05590400976250964
  },
  "Utilities": {
    "score": 0.0392449930135706,
    "flow": "INFLOW",
    "momentum_21d": 0.04399478953121694
  },
  "Materials": {
    "score": -0.005366008123405853,
    "flow": "NEUTRAL",
    "momentum_21d": -0.012646499858219862
  },
  "Real Estate": {
    "score": 0.03970331519825656,
    "flow": "INFLOW",
    "momentum_21d": 0.02298045180606434
  },
  "Communications": {
    "score": -0.03925411904574167,
    "flow": "OUTFLOW",
    "momentum_21d": -0.06568880140097033
  },
  "Staples": {
    "score": 0.020325974045913422,
    "flow": "INFLOW",
    "momentum_21d": 0.02266625909201725
  }
}