{
  "Technology": {
    "score": 0.05336700957898482,
    "flow": "INFLOW",
    "momentum_21d": -0.011948458954763597
  },
  "Healthcare": {
    "score": 0.03364566928418369,
    "flow": "INFLOW",
    "momentum_21d": 0.03525071578829175
  },
  "Financials": {
    "score": 0.05395414205260234,
    "flow": "INFLOW",
    "momentum_21d": 0.04163032101293496
  },
  "Energy": {
    "score": -0.07661822961603251,
    "flow": "OUTFLOW",
    "momentum_21d": -0.07035305675721881
  },
  "Consumer": {
    "score": 0.00550157659240731,
    "flow": "NEUTRAL",
    "momentum_21d": -0.02908626933020786
  },
  "Industrials": {
    "score": 0.05950828034582534,
    "flow": "INFLOW",
    "momentum_21d": 0.03547300588246127
  },
  "Utilities": {
    "score": 0.01964276687297095,
    "flow": "NEUTRAL",
    "momentum_21d": 0.006163407929695497
  },
  "Materials": {
    "score": 0.02679169953077922,
    "flow": "INFLOW",
    "momentum_21d": 0.007872910648325071
  },
  "Real Estate": {
    "score": 0.027714054665811606,
    "flow": "INFLOW",
    "momentum_21d": 0.003460644209316577
  },
  "Communications": {
    "score": -0.06530046209470608,
    "flow": "OUTFLOW",
    "momentum_21d": -0.0724525920737431
  },
  "Staples": {
    "score": 0.019603186745021307,
    "flow": "NEUTRAL",
    "momentum_21d": 0.016951470863953322
  }
}