{
  "Technology": {
    "score": 0.10861316621825011,
    "flow": "INFLOW",
    "momentum_21d": 0.1244100770150105
  },
  "Healthcare": {
    "score": -0.010791290673058309,
    "flow": "NEUTRAL",
    "momentum_21d": 0.010827863561410966
  },
  "Financials": {
    "score": -0.019125979649228297,
    "flow": "NEUTRAL",
    "momentum_21d": -0.014435967096156799
  },
  "Energy": {
    "score": 0.057611414716682234,
    "flow": "INFLOW",
    "momentum_21d": 0.09352071574564635
  },
  "Consumer": {
    "score": -0.04308839971484137,
    "flow": "OUTFLOW",
    "momentum_21d": -0.036942121773266945
  },
  "Industrials": {
    "score": -0.023809936744668136,
    "flow": "OUTFLOW",
    "momentum_21d": -0.01105345453496831
  },
  "Utilities": {
    "score": -0.031226692502861208,
    "flow": "OUTFLOW",
    "momentum_21d": -0.013793079451868362
  },
  "Materials": {
    "score": -0.0622244730656336,
    "flow": "OUTFLOW",
    "momentum_21d": -0.04684178511914394
  },
  "Real Estate": {
    "score": -0.0065011136100902814,
    "flow": "NEUTRAL",
    "momentum_21d": 0.0047967771819406035
  },
  "Communications": {
    "score": -0.016018268710777328,
    "flow": "NEUTRAL",
    "momentum_21d": -0.01075454162552203
  },
  "Staples": {
    "score": 0.02474741387698067,
    "flow": "INFLOW",
    "momentum_21d": 0.055596325212092346
  }
}