{
  "Technology": {
    "score": 0.13144613189425086,
    "flow": "INFLOW",
    "momentum_21d": 0.2075471698113207
  },
  "Healthcare": {
    "score": -0.03522833380647619,
    "flow": "OUTFLOW",
    "momentum_21d": -0.009812048035344634
  },
  "Financials": {
    "score": -0.0030173190417008286,
    "flow": "NEUTRAL",
    "momentum_21d": 0.04903165405509324
  },
  "Energy": {
    "score": -0.020596627586597974,
    "flow": "OUTFLOW",
    "momentum_21d": -0.07712937088065253
  },
  "Consumer": {
    "score": 0.02239005328979092,
    "flow": "INFLOW",
    "momentum_21d": 0.09161077876466761
  },
  "Industrials": {
    "score": 0.02315759966516927,
    "flow": "INFLOW",
    "momentum_21d": 0.06920064554885141
  },
  "Utilities": {
    "score": 0.005103017439824033,
    "flow": "NEUTRAL",
    "momentum_21d": 0.02018524297087576
  },
  "Materials": {
    "score": 0.009972235526678502,
    "flow": "NEUTRAL",
    "momentum_21d": 0.057445501854934466
  },
  "Real Estate": {
    "score": 0.03016696563720468,
    "flow": "INFLOW",
    "momentum_21d": 0.08860758534876023
  },
  "Communications": {
    "score": 0.005775784895130443,
    "flow": "NEUTRAL",
    "momentum_21d": 0.06175904210534
  },
  "Staples": {
    "score": -0.0007061960810801121,
    "flow": "NEUTRAL",
    "momentum_21d": 0.024772025528100983
  }
}