{
  "Technology": {
    "score": 0.18324841696299696,
    "flow": "INFLOW",
    "momentum_21d": 0.22161942268522195
  },
  "Healthcare": {
    "score": -0.048902530196579794,
    "flow": "OUTFLOW",
    "momentum_21d": -0.03331761771912811
  },
  "Financials": {
    "score": -0.031899230405971944,
    "flow": "OUTFLOW",
    "momentum_21d": -0.00929151265300232
  },
  "Energy": {
    "score": -0.0029950001887677283,
    "flow": "NEUTRAL",
    "momentum_21d": 0.0010505613369382605
  },
  "Consumer": {
    "score": 0.01662622898767114,
    "flow": "NEUTRAL",
    "momentum_21d": 0.04784063083949719
  },
  "Industrials": {
    "score": 0.0001675653561363337,
    "flow": "NEUTRAL",
    "momentum_21d": 0.013373459246982744
  },
  "Utilities": {
    "score": -0.030499283447443862,
    "flow": "OUTFLOW",
    "momentum_21d": -0.026945462738654946
  },
  "Materials": {
    "score": -0.011396393122121751,
    "flow": "NEUTRAL",
    "momentum_21d": 0.0013412473015164128
  },
  "Real Estate": {
    "score": 0.016491269571282174,
    "flow": "NEUTRAL",
    "momentum_21d": 0.03602973548506383
  },
  "Communications": {
    "score": -0.015413572797106624,
    "flow": "NEUTRAL",
    "momentum_21d": 0.006619074536234448
  },
  "Staples": {
    "score": -0.010899736757778335,
    "flow": "NEUTRAL",
    "momentum_21d": 0.022317591989164054
  }
}