{
  "Technology": {
    "score": 0.052745618183014285,
    "flow": "INFLOW",
    "momentum_21d": 0.03014755383198997
  },
  "Healthcare": {
    "score": 0.05000662751804634,
    "flow": "INFLOW",
    "momentum_21d": 0.050351690821830886
  },
  "Financials": {
    "score": 0.05762408982735039,
    "flow": "INFLOW",
    "momentum_21d": 0.064141679380044
  },
  "Energy": {
    "score": -0.023436885610727855,
    "flow": "OUTFLOW",
    "momentum_21d": -0.0349071858059371
  },
  "Consumer": {
    "score": 0.012143902081565483,
    "flow": "NEUTRAL",
    "momentum_21d": 0.004673384306111084
  },
  "Industrials": {
    "score": 0.016554540990120874,
    "flow": "NEUTRAL",
    "momentum_21d": 0.038882207633216925
  },
  "Utilities": {
    "score": 0.004325362913150188,
    "flow": "NEUTRAL",
    "momentum_21d": 0.03704846245280069
  },
  "Materials": {
    "score": -0.018210410836589086,
    "flow": "NEUTRAL",
    "momentum_21d": -0.003279391269924492
  },
  "Real Estate": {
    "score": 0.0015060570278296894,
    "flow": "NEUTRAL",
    "momentum_21d": -0.004023373869993074
  },
  "Communications": {
    "score": -0.007783097690751662,
    "flow": "NEUTRAL",
    "momentum_21d": -0.014486216267992957
  },
  "Staples": {
    "score": -0.0038441089653221128,
    "flow": "NEUTRAL",
    "momentum_21d": 0.0002934997881192114
  }
}