{
  "Technology": {
    "score": 0.04989771521123829,
    "flow": "INFLOW",
    "momentum_21d": 0.02655864182663259
  },
  "Healthcare": {
    "score": 0.053155816750119066,
    "flow": "INFLOW",
    "momentum_21d": 0.05379567199029167
  },
  "Financials": {
    "score": 0.05559882110562357,
    "flow": "INFLOW",
    "momentum_21d": 0.062420073921110486
  },
  "Energy": {
    "score": -0.02677809225612886,
    "flow": "OUTFLOW",
    "momentum_21d": -0.03789251244114844
  },
  "Consumer": {
    "score": 0.023006895343668697,
    "flow": "INFLOW",
    "momentum_21d": 0.010467232869590504
  },
  "Industrials": {
    "score": 0.012899659898481986,
    "flow": "NEUTRAL",
    "momentum_21d": 0.03391560432959295
  },
  "Utilities": {
    "score": -0.00021016060482282944,
    "flow": "NEUTRAL",
    "momentum_21d": 0.032700761988910365
  },
  "Materials": {
    "score": -0.021549275623438273,
    "flow": "OUTFLOW",
    "momentum_21d": -0.006343841870638411
  },
  "Real Estate": {
    "score": -0.002009086583621789,
    "flow": "NEUTRAL",
    "momentum_21d": -0.00783684225478709
  },
  "Communications": {
    "score": 0.00036599341911831493,
    "flow": "NEUTRAL",
    "momentum_21d": -0.006122207285416348
  },
  "Staples": {
    "score": -0.008282507320259501,
    "flow": "NEUTRAL",
    "momentum_21d": -0.003837237970596541
  }
}