{
  "Technology": {
    "score": 0.16659870261853135,
    "flow": "INFLOW",
    "momentum_21d": 0.22577487946604724
  },
  "Healthcare": {
    "score": -0.04358713785564017,
    "flow": "OUTFLOW",
    "momentum_21d": -0.023827266071603903
  },
  "Financials": {
    "score": -0.023957291949426897,
    "flow": "OUTFLOW",
    "momentum_21d": 0.010143773586862137
  },
  "Energy": {
    "score": -0.02195492854378499,
    "flow": "OUTFLOW",
    "momentum_21d": -0.019142960640617268
  },
  "Consumer": {
    "score": 0.02852547047943114,
    "flow": "INFLOW",
    "momentum_21d": 0.06714502499811115
  },
  "Industrials": {
    "score": -0.00665479673205458,
    "flow": "NEUTRAL",
    "momentum_21d": 0.014196580561680383
  },
  "Utilities": {
    "score": -0.03749898624178052,
    "flow": "OUTFLOW",
    "momentum_21d": -0.04195054183161684
  },
  "Materials": {
    "score": -0.019119741732709018,
    "flow": "NEUTRAL",
    "momentum_21d": -0.0030792888805096785
  },
  "Real Estate": {
    "score": 0.026079829868729476,
    "flow": "INFLOW",
    "momentum_21d": 0.043787949868356435
  },
  "Communications": {
    "score": -0.0016384002306124596,
    "flow": "NEUTRAL",
    "momentum_21d": 0.02492324741855967
  },
  "Staples": {
    "score": 0.000465133928376325,
    "flow": "NEUTRAL",
    "momentum_21d": 0.028286926356292152
  }
}