{
  "Technology": {
    "score": 0.0635610264603616,
    "flow": "INFLOW",
    "momentum_21d": 0.02228302113853875
  },
  "Healthcare": {
    "score": 0.020404507384177397,
    "flow": "INFLOW",
    "momentum_21d": 0.01975550656243552
  },
  "Financials": {
    "score": 0.05185486170055731,
    "flow": "INFLOW",
    "momentum_21d": 0.0409846383795085
  },
  "Energy": {
    "score": -0.06919227502489533,
    "flow": "OUTFLOW",
    "momentum_21d": -0.07795006033926266
  },
  "Consumer": {
    "score": -0.016082705697461952,
    "flow": "NEUTRAL",
    "momentum_21d": -0.043575359867916164
  },
  "Industrials": {
    "score": 0.045470930975441706,
    "flow": "INFLOW",
    "momentum_21d": 0.039694319181519555
  },
  "Utilities": {
    "score": 0.013400000705166004,
    "flow": "NEUTRAL",
    "momentum_21d": 0.00017193215596056355
  },
  "Materials": {
    "score": 0.022875208957499994,
    "flow": "INFLOW",
    "momentum_21d": 0.015315310239474078
  },
  "Real Estate": {
    "score": 0.03195812170451504,
    "flow": "INFLOW",
    "momentum_21d": 0.010573880110186229
  },
  "Communications": {
    "score": -0.06311951101696422,
    "flow": "OUTFLOW",
    "momentum_21d": -0.06851670216018557
  },
  "Staples": {
    "score": 0.008369784872399436,
    "flow": "NEUTRAL",
    "momentum_21d": -0.00588568038820414
  }
}