{
  "Technology": {
    "score": 0.1610314593671467,
    "flow": "INFLOW",
    "momentum_21d": 0.14322386966581258
  },
  "Healthcare": {
    "score": -0.0063133696395856215,
    "flow": "NEUTRAL",
    "momentum_21d": 0.012616255138128807
  },
  "Financials": {
    "score": -0.0019419273895373915,
    "flow": "NEUTRAL",
    "momentum_21d": -0.0006756727399152007
  },
  "Energy": {
    "score": 0.03971600851141115,
    "flow": "INFLOW",
    "momentum_21d": 0.034134779053174524
  },
  "Consumer": {
    "score": 0.0010418145298787488,
    "flow": "NEUTRAL",
    "momentum_21d": 0.011805668548225512
  },
  "Industrials": {
    "score": -0.025462746716446837,
    "flow": "OUTFLOW",
    "momentum_21d": -0.016832353715668824
  },
  "Utilities": {
    "score": -0.02943109910848839,
    "flow": "OUTFLOW",
    "momentum_21d": -0.02744628738252264
  },
  "Materials": {
    "score": -0.04262251782372181,
    "flow": "OUTFLOW",
    "momentum_21d": -0.030689058298453586
  },
  "Real Estate": {
    "score": 0.0011198789634875059,
    "flow": "NEUTRAL",
    "momentum_21d": 0.011487740642233346
  },
  "Communications": {
    "score": -0.010906989097108166,
    "flow": "NEUTRAL",
    "momentum_21d": -0.00638895991055044
  },
  "Staples": {
    "score": -0.009646568906046139,
    "flow": "NEUTRAL",
    "momentum_21d": 0.01413512527222216
  }
}