{
  "Technology": {
    "score": 0.0710344485024082,
    "flow": "INFLOW",
    "momentum_21d": -0.028211313412634165
  },
  "Healthcare": {
    "score": 0.08496872300934283,
    "flow": "INFLOW",
    "momentum_21d": 0.08014259503105503
  },
  "Financials": {
    "score": 0.03573648629956661,
    "flow": "INFLOW",
    "momentum_21d": 0.0451372654144353
  },
  "Energy": {
    "score": -0.051406240679614496,
    "flow": "OUTFLOW",
    "momentum_21d": -0.04127899035871363
  },
  "Consumer": {
    "score": 0.008096573842440962,
    "flow": "NEUTRAL",
    "momentum_21d": -0.02909424712293529
  },
  "Industrials": {
    "score": 0.07427244724248769,
    "flow": "INFLOW",
    "momentum_21d": 0.058220061296644365
  },
  "Utilities": {
    "score": 0.0371744368622605,
    "flow": "INFLOW",
    "momentum_21d": 0.042635390256229755
  },
  "Materials": {
    "score": -0.0016139757877792742,
    "flow": "NEUTRAL",
    "momentum_21d": -0.005876388119936071
  },
  "Real Estate": {
    "score": 0.04617536408656345,
    "flow": "INFLOW",
    "momentum_21d": 0.0300892040636338
  },
  "Communications": {
    "score": -0.03935607257818505,
    "flow": "OUTFLOW",
    "momentum_21d": -0.0650821647229829
  },
  "Staples": {
    "score": 0.021593915342143877,
    "flow": "INFLOW",
    "momentum_21d": 0.024670188376024083
  }
}