{
  "Technology": {
    "score": 0.061116162388874434,
    "flow": "INFLOW",
    "momentum_21d": 0.053737476688395125
  },
  "Healthcare": {
    "score": 0.03830366838052068,
    "flow": "INFLOW",
    "momentum_21d": 0.054975667775037707
  },
  "Financials": {
    "score": 0.04028966332826456,
    "flow": "INFLOW",
    "momentum_21d": 0.06901985973893554
  },
  "Energy": {
    "score": -0.03727425651987418,
    "flow": "OUTFLOW",
    "momentum_21d": -0.054171964955898044
  },
  "Consumer": {
    "score": 0.027697644014454452,
    "flow": "INFLOW",
    "momentum_21d": 0.038102954254064736
  },
  "Industrials": {
    "score": 0.032139555134350864,
    "flow": "INFLOW",
    "momentum_21d": 0.07809098620941035
  },
  "Utilities": {
    "score": -0.0021839161636203882,
    "flow": "NEUTRAL",
    "momentum_21d": 0.035090367450878235
  },
  "Materials": {
    "score": 0.002176580746083211,
    "flow": "NEUTRAL",
    "momentum_21d": 0.033183504651029594
  },
  "Real Estate": {
    "score": -0.008367384955543561,
    "flow": "NEUTRAL",
    "momentum_21d": -0.009286819065178586
  },
  "Communications": {
    "score": 0.006392159532422913,
    "flow": "NEUTRAL",
    "momentum_21d": 0.007162491383318814
  },
  "Staples": {
    "score": -0.010707640599695912,
    "flow": "NEUTRAL",
    "momentum_21d": -0.010375775556939804
  }
}