{
  "Technology": {
    "score": 0.1037749207338542,
    "flow": "INFLOW",
    "momentum_21d": 0.1822696291631407
  },
  "Healthcare": {
    "score": -0.04144578197318242,
    "flow": "OUTFLOW",
    "momentum_21d": -0.011778178330040023
  },
  "Financials": {
    "score": 0.0015613825063448444,
    "flow": "NEUTRAL",
    "momentum_21d": 0.054409436005789624
  },
  "Energy": {
    "score": 0.03281080969575817,
    "flow": "INFLOW",
    "momentum_21d": 0.011531292031532914
  },
  "Consumer": {
    "score": 0.01018193516974014,
    "flow": "NEUTRAL",
    "momentum_21d": 0.07786880860406686
  },
  "Industrials": {
    "score": 0.02499883213401561,
    "flow": "INFLOW",
    "momentum_21d": 0.06172845349015477
  },
  "Utilities": {
    "score": 0.011312927431089491,
    "flow": "NEUTRAL",
    "momentum_21d": 0.016048532942404714
  },
  "Materials": {
    "score": -0.0018611684067158744,
    "flow": "NEUTRAL",
    "momentum_21d": 0.02001589684018179
  },
  "Real Estate": {
    "score": 0.038005293467380505,
    "flow": "INFLOW",
    "momentum_21d": 0.08424910131043939
  },
  "Communications": {
    "score": -0.007520947680954715,
    "flow": "NEUTRAL",
    "momentum_21d": 0.04737508426523762
  },
  "Staples": {
    "score": 0.007918435077266818,
    "flow": "NEUTRAL",
    "momentum_21d": 0.03498647810154898
  }
}