{
  "Technology": {
    "score": 0.004030053276368709,
    "flow": "NEUTRAL",
    "momentum_21d": -0.0551863204128028
  },
  "Healthcare": {
    "score": 0.024793628283574815,
    "flow": "INFLOW",
    "momentum_21d": 0.04284186445943239
  },
  "Financials": {
    "score": 0.05848950067506793,
    "flow": "INFLOW",
    "momentum_21d": 0.061303708894185904
  },
  "Energy": {
    "score": 0.028740474378515853,
    "flow": "INFLOW",
    "momentum_21d": 0.01627574478139282
  },
  "Consumer": {
    "score": -0.004456506256882268,
    "flow": "NEUTRAL",
    "momentum_21d": -0.007345312469778098
  },
  "Industrials": {
    "score": 0.005954681616682206,
    "flow": "NEUTRAL",
    "momentum_21d": 0.008407417984678256
  },
  "Utilities": {
    "score": 0.008474323192540895,
    "flow": "NEUTRAL",
    "momentum_21d": 0.020219313574409092
  },
  "Materials": {
    "score": -0.01623490078691541,
    "flow": "NEUTRAL",
    "momentum_21d": -0.03440295779566216
  },
  "Real Estate": {
    "score": 0.007768512827821882,
    "flow": "NEUTRAL",
    "momentum_21d": 0.0012514317136624875
  },
  "Communications": {
    "score": 0.005625577648167174,
    "flow": "NEUTRAL",
    "momentum_21d": 0.011270070142032296
  },
  "Staples": {
    "score": 0.002755598982589305,
    "flow": "NEUTRAL",
    "momentum_21d": -0.012203654391803043
  }
}