{
  "Technology": {
    "score": 0.05710101700220577,
    "flow": "INFLOW",
    "momentum_21d": -0.02755046648802939
  },
  "Healthcare": {
    "score": 0.07674914408827183,
    "flow": "INFLOW",
    "momentum_21d": 0.08321958504500016
  },
  "Financials": {
    "score": 0.028184482093030525,
    "flow": "INFLOW",
    "momentum_21d": 0.0458439759303384
  },
  "Energy": {
    "score": -0.043601737607499885,
    "flow": "OUTFLOW",
    "momentum_21d": -0.06257233476158863
  },
  "Consumer": {
    "score": 0.012564251560877662,
    "flow": "NEUTRAL",
    "momentum_21d": -0.006103647260079059
  },
  "Industrials": {
    "score": 0.07723822569067824,
    "flow": "INFLOW",
    "momentum_21d": 0.07386521679221225
  },
  "Utilities": {
    "score": 0.031832638997648814,
    "flow": "INFLOW",
    "momentum_21d": 0.06989754263000103
  },
  "Materials": {
    "score": -0.0003980686505789786,
    "flow": "NEUTRAL",
    "momentum_21d": 0.003344926743299448
  },
  "Real Estate": {
    "score": 0.03591148098279197,
    "flow": "INFLOW",
    "momentum_21d": 0.03359136312548472
  },
  "Communications": {
    "score": -0.05151549054535148,
    "flow": "OUTFLOW",
    "momentum_21d": -0.07020226063200696
  },
  "Staples": {
    "score": 0.00985516412395776,
    "flow": "NEUTRAL",
    "momentum_21d": 0.02418524954887502
  }
}