{
  "Technology": {
    "score": 0.047980092427178204,
    "flow": "INFLOW",
    "momentum_21d": -0.030674728869946377
  },
  "Healthcare": {
    "score": 0.08383757984820367,
    "flow": "INFLOW",
    "momentum_21d": 0.07879855063042318
  },
  "Financials": {
    "score": 0.03704674917312837,
    "flow": "INFLOW",
    "momentum_21d": 0.04679094576979326
  },
  "Energy": {
    "score": -0.03145139915373408,
    "flow": "OUTFLOW",
    "momentum_21d": -0.03492689054676956
  },
  "Consumer": {
    "score": 0.008482521941421453,
    "flow": "NEUTRAL",
    "momentum_21d": -0.028928478207838837
  },
  "Industrials": {
    "score": 0.07395965299120218,
    "flow": "INFLOW",
    "momentum_21d": 0.0576989629542195
  },
  "Utilities": {
    "score": 0.03503064090460935,
    "flow": "INFLOW",
    "momentum_21d": 0.04025650634472755
  },
  "Materials": {
    "score": -0.0031789883350437373,
    "flow": "NEUTRAL",
    "momentum_21d": -0.009016135981931184
  },
  "Real Estate": {
    "score": 0.03931087638625233,
    "flow": "INFLOW",
    "momentum_21d": 0.023095134497165715
  },
  "Communications": {
    "score": -0.037766493290193354,
    "flow": "OUTFLOW",
    "momentum_21d": -0.06373883639746014
  },
  "Staples": {
    "score": 0.019214125723708574,
    "flow": "NEUTRAL",
    "momentum_21d": 0.022058974099767648
  }
}