{
  "Technology": {
    "score": 0.18495096847171485,
    "flow": "INFLOW",
    "momentum_21d": 0.1951410658307211
  },
  "Healthcare": {
    "score": -5.8844265999558054e-05,
    "flow": "NEUTRAL",
    "momentum_21d": 0.024111164334716717
  },
  "Financials": {
    "score": -0.008925056782498277,
    "flow": "NEUTRAL",
    "momentum_21d": -0.008536345400084744
  },
  "Energy": {
    "score": -0.0560309629420945,
    "flow": "OUTFLOW",
    "momentum_21d": -0.05632859219448372
  },
  "Consumer": {
    "score": 0.025323643690015874,
    "flow": "INFLOW",
    "momentum_21d": 0.025517569171082943
  },
  "Industrials": {
    "score": -0.015365448765027124,
    "flow": "NEUTRAL",
    "momentum_21d": -0.006014452060631337
  },
  "Utilities": {
    "score": -0.031169582330338536,
    "flow": "OUTFLOW",
    "momentum_21d": -0.05243967200604882
  },
  "Materials": {
    "score": -0.007790391092736329,
    "flow": "NEUTRAL",
    "momentum_21d": -0.0016515037333189042
  },
  "Real Estate": {
    "score": -0.0035811903287287653,
    "flow": "NEUTRAL",
    "momentum_21d": -0.006081091182086995
  },
  "Communications": {
    "score": -0.017755824112302844,
    "flow": "NEUTRAL",
    "momentum_21d": -0.0065659546444257755
  },
  "Staples": {
    "score": -0.024563441411520743,
    "flow": "OUTFLOW",
    "momentum_21d": -0.014588966470841624
  }
}