{
  "Technology": {
    "score": -0.013897883717836483,
    "flow": "NEUTRAL",
    "momentum_21d": -0.05980601849008316
  },
  "Healthcare": {
    "score": 0.042203269917153195,
    "flow": "INFLOW",
    "momentum_21d": 0.08285166656802478
  },
  "Financials": {
    "score": 0.04392640380059397,
    "flow": "INFLOW",
    "momentum_21d": 0.05168228191761104
  },
  "Energy": {
    "score": 0.06166449060436154,
    "flow": "INFLOW",
    "momentum_21d": 0.057600020577986966
  },
  "Consumer": {
    "score": -0.005469106298717307,
    "flow": "NEUTRAL",
    "momentum_21d": 0.008933502195380916
  },
  "Industrials": {
    "score": 0.0022578450939361784,
    "flow": "NEUTRAL",
    "momentum_21d": 0.008029636725774392
  },
  "Utilities": {
    "score": 0.014730422876651071,
    "flow": "NEUTRAL",
    "momentum_21d": 0.037849154630543946
  },
  "Materials": {
    "score": -0.012278269142792626,
    "flow": "NEUTRAL",
    "momentum_21d": -0.01574915876216665
  },
  "Real Estate": {
    "score": 0.030680088882910548,
    "flow": "INFLOW",
    "momentum_21d": 0.05269681599846665
  },
  "Communications": {
    "score": -0.004735460121345192,
    "flow": "NEUTRAL",
    "momentum_21d": 0.01513408274897543
  },
  "Staples": {
    "score": 0.025141679741051897,
    "flow": "INFLOW",
    "momentum_21d": 0.037984302263772474
  }
}