{
  "Technology": {
    "score": 0.13648586519440542,
    "flow": "INFLOW",
    "momentum_21d": 0.18994146519595745
  },
  "Healthcare": {
    "score": -0.044326651528495555,
    "flow": "OUTFLOW",
    "momentum_21d": -0.03026856101947062
  },
  "Financials": {
    "score": -0.021299008033774516,
    "flow": "OUTFLOW",
    "momentum_21d": 0.003993727041587514
  },
  "Energy": {
    "score": -0.019029562742775077,
    "flow": "NEUTRAL",
    "momentum_21d": -0.02285018893164259
  },
  "Consumer": {
    "score": 0.027193485768772965,
    "flow": "INFLOW",
    "momentum_21d": 0.060803649874261234
  },
  "Industrials": {
    "score": -0.005876380945219873,
    "flow": "NEUTRAL",
    "momentum_21d": 0.010105059583625398
  },
  "Utilities": {
    "score": -0.0345627957062577,
    "flow": "OUTFLOW",
    "momentum_21d": -0.04390461558127812
  },
  "Materials": {
    "score": -0.01638432865073721,
    "flow": "NEUTRAL",
    "momentum_21d": -0.0015540812906331691
  },
  "Real Estate": {
    "score": 0.021910818625915218,
    "flow": "INFLOW",
    "momentum_21d": 0.03955063526360458
  },
  "Communications": {
    "score": 0.00595696415215974,
    "flow": "NEUTRAL",
    "momentum_21d": 0.024853452793528907
  },
  "Staples": {
    "score": -0.014455730518583912,
    "flow": "NEUTRAL",
    "momentum_21d": 0.00886765153056901
  }
}