{
  "Technology": {
    "score": 0.09692969665593287,
    "flow": "INFLOW",
    "momentum_21d": 0.13951449691013962
  },
  "Healthcare": {
    "score": -0.021988100063844877,
    "flow": "OUTFLOW",
    "momentum_21d": 0.0
  },
  "Financials": {
    "score": 0.011511453013543258,
    "flow": "NEUTRAL",
    "momentum_21d": 0.04985810857042794
  },
  "Energy": {
    "score": -0.011958798182510659,
    "flow": "NEUTRAL",
    "momentum_21d": -0.05927026862598217
  },
  "Consumer": {
    "score": 0.014315134931617337,
    "flow": "NEUTRAL",
    "momentum_21d": 0.06330709197433615
  },
  "Industrials": {
    "score": 0.02849607186662304,
    "flow": "INFLOW",
    "momentum_21d": 0.05433071404660672
  },
  "Utilities": {
    "score": 0.006105257643740626,
    "flow": "NEUTRAL",
    "momentum_21d": 0.01856353928371024
  },
  "Materials": {
    "score": 0.01598594321811476,
    "flow": "NEUTRAL",
    "momentum_21d": 0.04857319435925089
  },
  "Real Estate": {
    "score": 0.03685739480224805,
    "flow": "INFLOW",
    "momentum_21d": 0.09163145231595315
  },
  "Communications": {
    "score": 0.014985067902838933,
    "flow": "NEUTRAL",
    "momentum_21d": 0.05339193124453323
  },
  "Staples": {
    "score": 0.0020400906730759483,
    "flow": "NEUTRAL",
    "momentum_21d": 0.024168827985191266
  }
}