{
  "Technology": {
    "score": 0.09139410432944586,
    "flow": "INFLOW",
    "momentum_21d": 0.07586779020105539
  },
  "Healthcare": {
    "score": 0.007698131300144018,
    "flow": "NEUTRAL",
    "momentum_21d": 0.01289236409583605
  },
  "Financials": {
    "score": 0.0460441444783697,
    "flow": "INFLOW",
    "momentum_21d": 0.038082374601504876
  },
  "Energy": {
    "score": -0.08448087905101978,
    "flow": "OUTFLOW",
    "momentum_21d": -0.08574327081414723
  },
  "Consumer": {
    "score": -0.009220193614741634,
    "flow": "NEUTRAL",
    "momentum_21d": -0.03167644990315743
  },
  "Industrials": {
    "score": 0.06919323526881999,
    "flow": "INFLOW",
    "momentum_21d": 0.06608810387107766
  },
  "Utilities": {
    "score": 0.003926883702193629,
    "flow": "NEUTRAL",
    "momentum_21d": -0.0062221950954861605
  },
  "Materials": {
    "score": 0.042114265222056836,
    "flow": "INFLOW",
    "momentum_21d": 0.03198717431984255
  },
  "Real Estate": {
    "score": 0.013406946520447957,
    "flow": "NEUTRAL",
    "momentum_21d": -0.010786506567108445
  },
  "Communications": {
    "score": -0.08133212008886848,
    "flow": "OUTFLOW",
    "momentum_21d": -0.07958654595356562
  },
  "Staples": {
    "score": -0.016363452195898187,
    "flow": "NEUTRAL",
    "momentum_21d": -0.029293683553707983
  }
}