{
  "Technology": {
    "score": 0.00030542162873651473,
    "flow": "NEUTRAL",
    "momentum_21d": -0.06104603747142601
  },
  "Healthcare": {
    "score": 0.03197443338231182,
    "flow": "INFLOW",
    "momentum_21d": 0.06370783496021892
  },
  "Financials": {
    "score": 0.04190147657846166,
    "flow": "INFLOW",
    "momentum_21d": 0.04376160969708809
  },
  "Energy": {
    "score": 0.0630232453162977,
    "flow": "INFLOW",
    "momentum_21d": 0.07843133104070454
  },
  "Consumer": {
    "score": -0.008291092626393515,
    "flow": "NEUTRAL",
    "momentum_21d": 0.0
  },
  "Industrials": {
    "score": -0.000604750632810134,
    "flow": "NEUTRAL",
    "momentum_21d": -0.014328909151874014
  },
  "Utilities": {
    "score": -0.0024517875307083267,
    "flow": "NEUTRAL",
    "momentum_21d": 0.0014534576237643648
  },
  "Materials": {
    "score": -0.012232166753774048,
    "flow": "NEUTRAL",
    "momentum_21d": -0.025184022936071027
  },
  "Real Estate": {
    "score": 0.02118167373820523,
    "flow": "INFLOW",
    "momentum_21d": 0.02919127292252166
  },
  "Communications": {
    "score": 0.003379921667896267,
    "flow": "NEUTRAL",
    "momentum_21d": 0.030772962042798557
  },
  "Staples": {
    "score": 0.017482117597501935,
    "flow": "NEUTRAL",
    "momentum_21d": 0.02421511141858934
  }
}