{
  "Technology": {
    "score": 0.15496486061012046,
    "flow": "INFLOW",
    "momentum_21d": 0.12810561183045843
  },
  "Healthcare": {
    "score": -0.02774324871758839,
    "flow": "OUTFLOW",
    "momentum_21d": -0.011531657640464599
  },
  "Financials": {
    "score": -0.018250302944880416,
    "flow": "NEUTRAL",
    "momentum_21d": -0.01691049537499678
  },
  "Energy": {
    "score": 0.06990403153309768,
    "flow": "INFLOW",
    "momentum_21d": 0.10005451546694544
  },
  "Consumer": {
    "score": -0.028497469539616783,
    "flow": "OUTFLOW",
    "momentum_21d": -0.029615441481743332
  },
  "Industrials": {
    "score": -0.024745136800395275,
    "flow": "OUTFLOW",
    "momentum_21d": -0.018113824077299556
  },
  "Utilities": {
    "score": -0.06490238582604377,
    "flow": "OUTFLOW",
    "momentum_21d": -0.039562871547344614
  },
  "Materials": {
    "score": -0.045034238770155,
    "flow": "OUTFLOW",
    "momentum_21d": -0.03848359829886261
  },
  "Real Estate": {
    "score": -0.01806533854007538,
    "flow": "NEUTRAL",
    "momentum_21d": -0.019937262585510207
  },
  "Communications": {
    "score": -0.007573332980777871,
    "flow": "NEUTRAL",
    "momentum_21d": -0.014905234888980212
  },
  "Staples": {
    "score": 0.015658629609273177,
    "flow": "NEUTRAL",
    "momentum_21d": 0.04260228379940334
  }
}