{
  "Technology": {
    "score": -0.003321055890700578,
    "flow": "NEUTRAL",
    "momentum_21d": -0.04498750913391758
  },
  "Healthcare": {
    "score": 0.0510094640965457,
    "flow": "INFLOW",
    "momentum_21d": 0.07375465777304302
  },
  "Financials": {
    "score": 0.039320518016573235,
    "flow": "INFLOW",
    "momentum_21d": 0.047412064926449116
  },
  "Energy": {
    "score": 0.06380338852867688,
    "flow": "INFLOW",
    "momentum_21d": 0.060087230143208936
  },
  "Consumer": {
    "score": -0.008353710467962265,
    "flow": "NEUTRAL",
    "momentum_21d": 0.005116035511336436
  },
  "Industrials": {
    "score": -1.1399793228777932e-05,
    "flow": "NEUTRAL",
    "momentum_21d": 0.005139515992075294
  },
  "Utilities": {
    "score": 0.00518927971259176,
    "flow": "NEUTRAL",
    "momentum_21d": 0.024380941427023517
  },
  "Materials": {
    "score": -0.01813444566223894,
    "flow": "NEUTRAL",
    "momentum_21d": -0.02375663296415731
  },
  "Real Estate": {
    "score": 0.020700024696394356,
    "flow": "INFLOW",
    "momentum_21d": 0.038702227177632054
  },
  "Communications": {
    "score": -0.004421606058651268,
    "flow": "NEUTRAL",
    "momentum_21d": 0.01596036907736198
  },
  "Staples": {
    "score": 0.014029270821626399,
    "flow": "NEUTRAL",
    "momentum_21d": 0.02246145659877241
  }
}