{
  "Technology": {
    "score": 0.09738310514548922,
    "flow": "INFLOW",
    "momentum_21d": 0.07897711155790832
  },
  "Healthcare": {
    "score": 0.005093050486687083,
    "flow": "NEUTRAL",
    "momentum_21d": 0.016923741940729542
  },
  "Financials": {
    "score": 0.04516837809232206,
    "flow": "INFLOW",
    "momentum_21d": 0.03823071002622225
  },
  "Energy": {
    "score": -0.08974678118216886,
    "flow": "OUTFLOW",
    "momentum_21d": -0.10108692719178125
  },
  "Consumer": {
    "score": 0.016067518699561602,
    "flow": "NEUTRAL",
    "momentum_21d": -0.009793104590367419
  },
  "Industrials": {
    "score": 0.06313137438335346,
    "flow": "INFLOW",
    "momentum_21d": 0.058220597962581166
  },
  "Utilities": {
    "score": 0.0023600677417853653,
    "flow": "NEUTRAL",
    "momentum_21d": 0.001797390116188513
  },
  "Materials": {
    "score": 0.049174255129586994,
    "flow": "INFLOW",
    "momentum_21d": 0.04294043180039586
  },
  "Real Estate": {
    "score": 0.005025423416498999,
    "flow": "NEUTRAL",
    "momentum_21d": -0.012041409942321946
  },
  "Communications": {
    "score": -0.04938099323839647,
    "flow": "OUTFLOW",
    "momentum_21d": -0.05508179782183087
  },
  "Staples": {
    "score": -0.008197038200323836,
    "flow": "NEUTRAL",
    "momentum_21d": -0.02549111775897772
  }
}