{
  "Technology": {
    "score": 0.12420300190785985,
    "flow": "INFLOW",
    "momentum_21d": 0.2419608321844362
  },
  "Healthcare": {
    "score": -0.03344652732152926,
    "flow": "OUTFLOW",
    "momentum_21d": -0.001633991088748843
  },
  "Financials": {
    "score": 0.004139120470856599,
    "flow": "NEUTRAL",
    "momentum_21d": 0.07247727510088131
  },
  "Energy": {
    "score": -0.01270945771687996,
    "flow": "NEUTRAL",
    "momentum_21d": -0.06964168319024933
  },
  "Consumer": {
    "score": 0.013644311909622918,
    "flow": "NEUTRAL",
    "momentum_21d": 0.10902892526775076
  },
  "Industrials": {
    "score": 0.02874558504136256,
    "flow": "INFLOW",
    "momentum_21d": 0.09137345956722953
  },
  "Utilities": {
    "score": -0.006923052851703693,
    "flow": "NEUTRAL",
    "momentum_21d": 0.0055531593702824456
  },
  "Materials": {
    "score": 0.002752123025874797,
    "flow": "NEUTRAL",
    "momentum_21d": 0.045936057468037195
  },
  "Real Estate": {
    "score": 0.025587307194059678,
    "flow": "INFLOW",
    "momentum_21d": 0.08791345257148175
  },
  "Communications": {
    "score": 0.00391644556843439,
    "flow": "NEUTRAL",
    "momentum_21d": 0.0722026513064915
  },
  "Staples": {
    "score": -0.007039862870237356,
    "flow": "NEUTRAL",
    "momentum_21d": 0.012151963604768001
  }
}