{
  "Technology": {
    "score": 0.1504484349810528,
    "flow": "INFLOW",
    "momentum_21d": 0.12588938968463204
  },
  "Healthcare": {
    "score": 0.015959026933097142,
    "flow": "NEUTRAL",
    "momentum_21d": 0.03960332226335539
  },
  "Financials": {
    "score": 0.005444567983348225,
    "flow": "NEUTRAL",
    "momentum_21d": 0.010112805839766148
  },
  "Energy": {
    "score": 0.056776823347942394,
    "flow": "INFLOW",
    "momentum_21d": 0.04607003333550441
  },
  "Consumer": {
    "score": -0.002703227843673949,
    "flow": "NEUTRAL",
    "momentum_21d": 0.00412838363544088
  },
  "Industrials": {
    "score": -0.02185627885015139,
    "flow": "OUTFLOW",
    "momentum_21d": -0.004058659148186705
  },
  "Utilities": {
    "score": -0.022966767599988905,
    "flow": "OUTFLOW",
    "momentum_21d": -0.017973188080764535
  },
  "Materials": {
    "score": -0.06052126607851182,
    "flow": "OUTFLOW",
    "momentum_21d": -0.03139440121153381
  },
  "Real Estate": {
    "score": 0.0031820845332768835,
    "flow": "NEUTRAL",
    "momentum_21d": 0.016655247815187346
  },
  "Communications": {
    "score": -0.010108857353728396,
    "flow": "NEUTRAL",
    "momentum_21d": -0.0006924167424334771
  },
  "Staples": {
    "score": -0.004248664187889986,
    "flow": "NEUTRAL",
    "momentum_21d": 0.018863386176872332
  }
}