{
  "Technology": {
    "score": 0.16324231983237011,
    "flow": "INFLOW",
    "momentum_21d": 0.1766467233045561
  },
  "Healthcare": {
    "score": -0.03295611283783849,
    "flow": "OUTFLOW",
    "momentum_21d": -0.007173293144387416
  },
  "Financials": {
    "score": -0.03167070711891711,
    "flow": "OUTFLOW",
    "momentum_21d": -0.02261829656687475
  },
  "Energy": {
    "score": 0.00942093174689459,
    "flow": "NEUTRAL",
    "momentum_21d": 0.03353663563257103
  },
  "Consumer": {
    "score": -0.002809057875581058,
    "flow": "NEUTRAL",
    "momentum_21d": 0.004569308801259941
  },
  "Industrials": {
    "score": -0.003540167155734663,
    "flow": "NEUTRAL",
    "momentum_21d": 0.014254016507803335
  },
  "Utilities": {
    "score": -0.05449203582727769,
    "flow": "OUTFLOW",
    "momentum_21d": -0.02933512115145165
  },
  "Materials": {
    "score": -0.0040890380605207895,
    "flow": "NEUTRAL",
    "momentum_21d": 0.013234727346040698
  },
  "Real Estate": {
    "score": 0.0034616545052831623,
    "flow": "NEUTRAL",
    "momentum_21d": 0.01842891591505591
  },
  "Communications": {
    "score": -0.009670687623473407,
    "flow": "NEUTRAL",
    "momentum_21d": -0.005112461409344737
  },
  "Staples": {
    "score": 0.002931012667857313,
    "flow": "NEUTRAL",
    "momentum_21d": 0.045151785989923754
  }
}