{
  "Technology": {
    "score": 0.066644788110376,
    "flow": "INFLOW",
    "momentum_21d": 0.027000601882171127
  },
  "Healthcare": {
    "score": 0.017715027697531405,
    "flow": "NEUTRAL",
    "momentum_21d": 0.017677604774940958
  },
  "Financials": {
    "score": 0.05153110908185319,
    "flow": "INFLOW",
    "momentum_21d": 0.041274432995313415
  },
  "Energy": {
    "score": -0.06946725125054896,
    "flow": "OUTFLOW",
    "momentum_21d": -0.07761143710782303
  },
  "Consumer": {
    "score": -0.013593484666407418,
    "flow": "NEUTRAL",
    "momentum_21d": -0.04054869453970611
  },
  "Industrials": {
    "score": 0.04824996909629213,
    "flow": "INFLOW",
    "momentum_21d": 0.04307924553303444
  },
  "Utilities": {
    "score": 0.013793333652090544,
    "flow": "NEUTRAL",
    "momentum_21d": 0.0011705947083329171
  },
  "Materials": {
    "score": 0.02466593095122232,
    "flow": "INFLOW",
    "momentum_21d": 0.017710447421188436
  },
  "Real Estate": {
    "score": 0.032033966614481504,
    "flow": "INFLOW",
    "momentum_21d": 0.011253001597800738
  },
  "Communications": {
    "score": -0.06236788528941709,
    "flow": "OUTFLOW",
    "momentum_21d": -0.06734440572123057
  },
  "Staples": {
    "score": 0.006672846243910657,
    "flow": "NEUTRAL",
    "momentum_21d": -0.006954412249114861
  }
}