{
  "Technology": {
    "score": 0.14741055003766868,
    "flow": "INFLOW",
    "momentum_21d": 0.11689551150871202
  },
  "Healthcare": {
    "score": -0.013174030206590871,
    "flow": "NEUTRAL",
    "momentum_21d": 0.004167239991827554
  },
  "Financials": {
    "score": -0.01612860896153633,
    "flow": "NEUTRAL",
    "momentum_21d": -0.011683597415211966
  },
  "Energy": {
    "score": 0.06295273982529472,
    "flow": "INFLOW",
    "momentum_21d": 0.05995754040954493
  },
  "Consumer": {
    "score": -0.018668514499845315,
    "flow": "NEUTRAL",
    "momentum_21d": -0.011014862147753157
  },
  "Industrials": {
    "score": -0.020841628427527792,
    "flow": "OUTFLOW",
    "momentum_21d": -0.001110776368538291
  },
  "Utilities": {
    "score": -0.020010672102903262,
    "flow": "OUTFLOW",
    "momentum_21d": -0.0052373660785752785
  },
  "Materials": {
    "score": -0.06669071226503717,
    "flow": "OUTFLOW",
    "momentum_21d": -0.042253566738137294
  },
  "Real Estate": {
    "score": 0.0066999720074563335,
    "flow": "NEUTRAL",
    "momentum_21d": 0.02047858739984232
  },
  "Communications": {
    "score": -0.02103056437214971,
    "flow": "OUTFLOW",
    "momentum_21d": -0.0165422208489715
  },
  "Staples": {
    "score": 0.012874870248887206,
    "flow": "NEUTRAL",
    "momentum_21d": 0.040616235046674776
  }
}