{
  "Technology": {
    "score": 0.14806647251251553,
    "flow": "INFLOW",
    "momentum_21d": 0.1683876182737356
  },
  "Healthcare": {
    "score": 0.0003774869177937115,
    "flow": "NEUTRAL",
    "momentum_21d": 0.03441321658973262
  },
  "Financials": {
    "score": -0.015619256832707207,
    "flow": "NEUTRAL",
    "momentum_21d": -0.008293159456704724
  },
  "Energy": {
    "score": -0.015683095818811627,
    "flow": "NEUTRAL",
    "momentum_21d": -0.012476129222458776
  },
  "Consumer": {
    "score": 0.023762379561095635,
    "flow": "INFLOW",
    "momentum_21d": 0.03880010967132175
  },
  "Industrials": {
    "score": -0.0021735612013411357,
    "flow": "NEUTRAL",
    "momentum_21d": 0.019417519050060505
  },
  "Utilities": {
    "score": -0.018934041845809664,
    "flow": "NEUTRAL",
    "momentum_21d": -0.02400001319679057
  },
  "Materials": {
    "score": -0.024115409231983898,
    "flow": "OUTFLOW",
    "momentum_21d": -0.004280179264048445
  },
  "Real Estate": {
    "score": 0.004278771532459751,
    "flow": "NEUTRAL",
    "momentum_21d": 0.016397203899001234
  },
  "Communications": {
    "score": -0.01012934988092994,
    "flow": "NEUTRAL",
    "momentum_21d": 0.0044060659717535255
  },
  "Staples": {
    "score": -0.010925111448164472,
    "flow": "NEUTRAL",
    "momentum_21d": 0.018054886458118924
  }
}