{
  "Technology": {
    "score": 0.05874562674983496,
    "flow": "INFLOW",
    "momentum_21d": 0.05013813547638368
  },
  "Healthcare": {
    "score": 0.039573067747317746,
    "flow": "INFLOW",
    "momentum_21d": 0.055895633836061
  },
  "Financials": {
    "score": 0.03852750164074676,
    "flow": "INFLOW",
    "momentum_21d": 0.06613793066043905
  },
  "Energy": {
    "score": -0.03842689306679812,
    "flow": "OUTFLOW",
    "momentum_21d": -0.05564170016478287
  },
  "Consumer": {
    "score": 0.028803275516322155,
    "flow": "INFLOW",
    "momentum_21d": 0.03885340330429288
  },
  "Industrials": {
    "score": 0.03125643389232271,
    "flow": "INFLOW",
    "momentum_21d": 0.07643648330814745
  },
  "Utilities": {
    "score": -0.0011567805689460776,
    "flow": "NEUTRAL",
    "momentum_21d": 0.03623396986916938
  },
  "Materials": {
    "score": 0.00035559209364942573,
    "flow": "NEUTRAL",
    "momentum_21d": 0.030957457928133758
  },
  "Real Estate": {
    "score": -0.008275703138055243,
    "flow": "NEUTRAL",
    "momentum_21d": -0.009511086302771532
  },
  "Communications": {
    "score": 0.003577385582962072,
    "flow": "NEUTRAL",
    "momentum_21d": 0.005536794779249066
  },
  "Staples": {
    "score": -0.011182369691810645,
    "flow": "NEUTRAL",
    "momentum_21d": -0.011200262541817496
  }
}