{
  "Technology": {
    "score": 0.0014232275003984232,
    "flow": "NEUTRAL",
    "momentum_21d": -0.02685063350439909
  },
  "Healthcare": {
    "score": 0.030402495650895797,
    "flow": "INFLOW",
    "momentum_21d": 0.04799478524561218
  },
  "Financials": {
    "score": 0.0328263038775079,
    "flow": "INFLOW",
    "momentum_21d": 0.03657855748206118
  },
  "Energy": {
    "score": 0.0929046212461186,
    "flow": "INFLOW",
    "momentum_21d": 0.11498973086623465
  },
  "Consumer": {
    "score": -0.06594505351611248,
    "flow": "OUTFLOW",
    "momentum_21d": -0.05570518857838458
  },
  "Industrials": {
    "score": 0.008290148944613529,
    "flow": "NEUTRAL",
    "momentum_21d": 0.0046056630672206555
  },
  "Utilities": {
    "score": 0.010616839012340139,
    "flow": "NEUTRAL",
    "momentum_21d": 0.011967460649731532
  },
  "Materials": {
    "score": -0.01428890831342631,
    "flow": "NEUTRAL",
    "momentum_21d": -0.019155581414371348
  },
  "Real Estate": {
    "score": 0.009551375282821404,
    "flow": "NEUTRAL",
    "momentum_21d": 0.009997832538811924
  },
  "Communications": {
    "score": -0.026204192528961497,
    "flow": "OUTFLOW",
    "momentum_21d": -0.004786954494536144
  },
  "Staples": {
    "score": -0.01002740825581155,
    "flow": "NEUTRAL",
    "momentum_21d": -0.018000997495419058
  }
}