{
  "Technology": {
    "score": 0.012188002952617879,
    "flow": "NEUTRAL",
    "momentum_21d": -0.07370695081353074
  },
  "Healthcare": {
    "score": 0.11000354498623602,
    "flow": "INFLOW",
    "momentum_21d": 0.11090974094919726
  },
  "Financials": {
    "score": 0.05767144307175196,
    "flow": "INFLOW",
    "momentum_21d": 0.09087899018076606
  },
  "Energy": {
    "score": -0.04511603785272432,
    "flow": "OUTFLOW",
    "momentum_21d": -0.08997533814179792
  },
  "Consumer": {
    "score": 0.02685872600420458,
    "flow": "INFLOW",
    "momentum_21d": 0.009846814666100157
  },
  "Industrials": {
    "score": 0.060350087665134146,
    "flow": "INFLOW",
    "momentum_21d": 0.05700385620447457
  },
  "Utilities": {
    "score": 0.02557660364199628,
    "flow": "INFLOW",
    "momentum_21d": 0.0426485675647974
  },
  "Materials": {
    "score": 0.011993805648770596,
    "flow": "NEUTRAL",
    "momentum_21d": 0.006071976598769124
  },
  "Real Estate": {
    "score": 0.040301683529415364,
    "flow": "INFLOW",
    "momentum_21d": 0.03125197613295705
  },
  "Communications": {
    "score": -0.018267812958896037,
    "flow": "NEUTRAL",
    "momentum_21d": -0.028036508071595745
  },
  "Staples": {
    "score": 0.035309256265953735,
    "flow": "INFLOW",
    "momentum_21d": 0.03678149956941157
  }
}