{
  "Technology": {
    "score": 0.16735694591420253,
    "flow": "INFLOW",
    "momentum_21d": 0.18076565554022395
  },
  "Healthcare": {
    "score": -0.03040723869074057,
    "flow": "OUTFLOW",
    "momentum_21d": 0.00013644548378466403
  },
  "Financials": {
    "score": -0.02438169484639041,
    "flow": "OUTFLOW",
    "momentum_21d": -0.014222523181453228
  },
  "Energy": {
    "score": 0.007713354097241886,
    "flow": "NEUTRAL",
    "momentum_21d": 0.026334355170553048
  },
  "Consumer": {
    "score": -0.0028269566099968974,
    "flow": "NEUTRAL",
    "momentum_21d": 0.008841289975437094
  },
  "Industrials": {
    "score": 0.0018585631316502089,
    "flow": "NEUTRAL",
    "momentum_21d": 0.024540554399378633
  },
  "Utilities": {
    "score": -0.04506422430410022,
    "flow": "OUTFLOW",
    "momentum_21d": -0.03128364608365142
  },
  "Materials": {
    "score": -0.01745121967871396,
    "flow": "NEUTRAL",
    "momentum_21d": -0.0015459291025060606
  },
  "Real Estate": {
    "score": -0.011649127695632644,
    "flow": "NEUTRAL",
    "momentum_21d": 0.0022825489839417568
  },
  "Communications": {
    "score": -0.014423524585692828,
    "flow": "NEUTRAL",
    "momentum_21d": -0.014474469361268838
  },
  "Staples": {
    "score": 0.002374779444515385,
    "flow": "NEUTRAL",
    "momentum_21d": 0.04359576370445106
  }
}