{
  "Technology": {
    "score": 0.007525598560073416,
    "flow": "NEUTRAL",
    "momentum_21d": -0.015907529701577605
  },
  "Healthcare": {
    "score": 0.02562032004122451,
    "flow": "INFLOW",
    "momentum_21d": 0.05099231265017634
  },
  "Financials": {
    "score": 0.03409273780108244,
    "flow": "INFLOW",
    "momentum_21d": 0.04027464970169525
  },
  "Energy": {
    "score": 0.051583213646603704,
    "flow": "INFLOW",
    "momentum_21d": 0.08657730870091407
  },
  "Consumer": {
    "score": -0.011449679560567952,
    "flow": "NEUTRAL",
    "momentum_21d": 0.004219371646672965
  },
  "Industrials": {
    "score": 0.003708064853851304,
    "flow": "NEUTRAL",
    "momentum_21d": 0.005613247455854786
  },
  "Utilities": {
    "score": 0.006272732774054064,
    "flow": "NEUTRAL",
    "momentum_21d": 0.011426656160097082
  },
  "Materials": {
    "score": -0.005060854334919533,
    "flow": "NEUTRAL",
    "momentum_21d": -0.0036366731369792404
  },
  "Real Estate": {
    "score": 0.010677029379707504,
    "flow": "NEUTRAL",
    "momentum_21d": 0.009408646715617364
  },
  "Communications": {
    "score": -0.004603483260909045,
    "flow": "NEUTRAL",
    "momentum_21d": 0.024657447144908584
  },
  "Staples": {
    "score": 0.00758207418696537,
    "flow": "NEUTRAL",
    "momentum_21d": 0.004598687656675038
  }
}