{
  "Technology": {
    "score": 0.148798928015484,
    "flow": "INFLOW",
    "momentum_21d": 0.14894712876756633
  },
  "Healthcare": {
    "score": -0.03572314398404101,
    "flow": "OUTFLOW",
    "momentum_21d": -0.025504019429524294
  },
  "Financials": {
    "score": -0.026787640162908112,
    "flow": "OUTFLOW",
    "momentum_21d": -0.024890335639516592
  },
  "Energy": {
    "score": 0.036176472775291256,
    "flow": "INFLOW",
    "momentum_21d": 0.07751725471035731
  },
  "Consumer": {
    "score": -0.018123377105495875,
    "flow": "NEUTRAL",
    "momentum_21d": -0.031641932332132416
  },
  "Industrials": {
    "score": -0.013197299552713137,
    "flow": "NEUTRAL",
    "momentum_21d": -0.013428631806929658
  },
  "Utilities": {
    "score": -0.05700833467306828,
    "flow": "OUTFLOW",
    "momentum_21d": -0.04755198661351989
  },
  "Materials": {
    "score": -0.03269103364365309,
    "flow": "OUTFLOW",
    "momentum_21d": -0.029009272111217954
  },
  "Real Estate": {
    "score": -0.029084943767874946,
    "flow": "OUTFLOW",
    "momentum_21d": -0.026866000609768403
  },
  "Communications": {
    "score": -0.017686972190893956,
    "flow": "NEUTRAL",
    "momentum_21d": -0.025314856660586416
  },
  "Staples": {
    "score": 0.003084135905858032,
    "flow": "NEUTRAL",
    "momentum_21d": 0.027952950894584827
  }
}