{
  "Technology": {
    "score": 0.03325020793984416,
    "flow": "INFLOW",
    "momentum_21d": -0.06240193685714379
  },
  "Healthcare": {
    "score": 0.08632905010126504,
    "flow": "INFLOW",
    "momentum_21d": 0.09456016126725775
  },
  "Financials": {
    "score": 0.06474803328894858,
    "flow": "INFLOW",
    "momentum_21d": 0.06824510296931297
  },
  "Energy": {
    "score": -0.04600983562553107,
    "flow": "OUTFLOW",
    "momentum_21d": -0.08228337729289525
  },
  "Consumer": {
    "score": 0.029150861368248317,
    "flow": "INFLOW",
    "momentum_21d": 0.00625317536188974
  },
  "Industrials": {
    "score": 0.06135502541448378,
    "flow": "INFLOW",
    "momentum_21d": 0.05523345848884831
  },
  "Utilities": {
    "score": 0.015743872598606035,
    "flow": "NEUTRAL",
    "momentum_21d": 0.026329802188926443
  },
  "Materials": {
    "score": -0.0015618223249566623,
    "flow": "NEUTRAL",
    "momentum_21d": -0.006002148736695578
  },
  "Real Estate": {
    "score": 0.04843083104719384,
    "flow": "INFLOW",
    "momentum_21d": 0.02476753531289222
  },
  "Communications": {
    "score": -0.012390329765101394,
    "flow": "NEUTRAL",
    "momentum_21d": -0.031209946210813078
  },
  "Staples": {
    "score": 0.022290501858182023,
    "flow": "INFLOW",
    "momentum_21d": 0.025027333629122905
  }
}