{
  "Technology": {
    "score": 0.006173256498733226,
    "flow": "NEUTRAL",
    "momentum_21d": -0.05210639006291129
  },
  "Healthcare": {
    "score": 0.032265500019439855,
    "flow": "INFLOW",
    "momentum_21d": 0.03988551097089621
  },
  "Financials": {
    "score": 0.05668290877878388,
    "flow": "INFLOW",
    "momentum_21d": 0.059711161575368266
  },
  "Energy": {
    "score": 0.03678613020903267,
    "flow": "INFLOW",
    "momentum_21d": 0.02443678800273874
  },
  "Consumer": {
    "score": -0.00736317102057554,
    "flow": "NEUTRAL",
    "momentum_21d": -0.011274830274075942
  },
  "Industrials": {
    "score": 0.007059380028087673,
    "flow": "NEUTRAL",
    "momentum_21d": 0.010202690949036919
  },
  "Utilities": {
    "score": 0.006212473399621538,
    "flow": "NEUTRAL",
    "momentum_21d": 0.017182649561215735
  },
  "Materials": {
    "score": -0.016455108704476265,
    "flow": "NEUTRAL",
    "momentum_21d": -0.03449857241753729
  },
  "Real Estate": {
    "score": 0.006109916676014718,
    "flow": "NEUTRAL",
    "momentum_21d": -0.0008785938461309817
  },
  "Communications": {
    "score": 0.006845296635736775,
    "flow": "NEUTRAL",
    "momentum_21d": 0.013236073388000147
  },
  "Staples": {
    "score": -0.0006243707528305973,
    "flow": "NEUTRAL",
    "momentum_21d": -0.016738907960406668
  }
}