{
  "Technology": {
    "score": 0.04880536735355118,
    "flow": "INFLOW",
    "momentum_21d": -0.023991526977181765
  },
  "Healthcare": {
    "score": 0.07278674405659555,
    "flow": "INFLOW",
    "momentum_21d": 0.06262575986664842
  },
  "Financials": {
    "score": 0.04155297234987583,
    "flow": "INFLOW",
    "momentum_21d": 0.05145459186884804
  },
  "Energy": {
    "score": -0.06274474642789693,
    "flow": "OUTFLOW",
    "momentum_21d": -0.0476145691394001
  },
  "Consumer": {
    "score": -0.01030879418360554,
    "flow": "NEUTRAL",
    "momentum_21d": -0.05768683842147515
  },
  "Industrials": {
    "score": 0.0708565663361994,
    "flow": "INFLOW",
    "momentum_21d": 0.05091064214489416
  },
  "Utilities": {
    "score": 0.040111040948224236,
    "flow": "INFLOW",
    "momentum_21d": 0.03885678540873161
  },
  "Materials": {
    "score": 0.011926295122612826,
    "flow": "NEUTRAL",
    "momentum_21d": 0.006768299633482799
  },
  "Real Estate": {
    "score": 0.03222634333455492,
    "flow": "INFLOW",
    "momentum_21d": 0.025003886250782648
  },
  "Communications": {
    "score": -0.04865912575845116,
    "flow": "OUTFLOW",
    "momentum_21d": -0.08247394359871729
  },
  "Staples": {
    "score": 0.01708482014841365,
    "flow": "NEUTRAL",
    "momentum_21d": 0.010516505093241202
  }
}