{
  "Technology": {
    "score": 0.03589798787085956,
    "flow": "INFLOW",
    "momentum_21d": -0.058638763147889184
  },
  "Healthcare": {
    "score": 0.08300043594253739,
    "flow": "INFLOW",
    "momentum_21d": 0.09161009938714515
  },
  "Financials": {
    "score": 0.04619033059274179,
    "flow": "INFLOW",
    "momentum_21d": 0.06990271400983716
  },
  "Energy": {
    "score": -0.04691341188168711,
    "flow": "OUTFLOW",
    "momentum_21d": -0.08315231557335212
  },
  "Consumer": {
    "score": 0.03260811683801852,
    "flow": "INFLOW",
    "momentum_21d": 0.010045114111495224
  },
  "Industrials": {
    "score": 0.06256180709458752,
    "flow": "INFLOW",
    "momentum_21d": 0.05684484635570364
  },
  "Utilities": {
    "score": 0.014543067824752764,
    "flow": "NEUTRAL",
    "momentum_21d": 0.025527448244235362
  },
  "Materials": {
    "score": -0.0004920934938639619,
    "flow": "NEUTRAL",
    "momentum_21d": -0.004735812109802007
  },
  "Real Estate": {
    "score": 0.04234598589334495,
    "flow": "INFLOW",
    "momentum_21d": 0.030218440577797434
  },
  "Communications": {
    "score": -0.009390473720879578,
    "flow": "NEUTRAL",
    "momentum_21d": -0.02785524457033106
  },
  "Staples": {
    "score": 0.018455501470464895,
    "flow": "NEUTRAL",
    "momentum_21d": 0.021581784865797093
  }
}