{
  "Technology": {
    "score": 0.07149746853004203,
    "flow": "INFLOW",
    "momentum_21d": 0.03393829534807846
  },
  "Healthcare": {
    "score": 0.014555504148337284,
    "flow": "NEUTRAL",
    "momentum_21d": 0.014964328432408136
  },
  "Financials": {
    "score": 0.052163864463049575,
    "flow": "INFLOW",
    "momentum_21d": 0.04235054977694208
  },
  "Energy": {
    "score": -0.07290127851354158,
    "flow": "OUTFLOW",
    "momentum_21d": -0.08057430965069756
  },
  "Consumer": {
    "score": -0.013355306606469244,
    "flow": "NEUTRAL",
    "momentum_21d": -0.03987615213377471
  },
  "Industrials": {
    "score": 0.05271019166038051,
    "flow": "INFLOW",
    "momentum_21d": 0.047976885150003756
  },
  "Utilities": {
    "score": 0.012893054899489578,
    "flow": "NEUTRAL",
    "momentum_21d": 0.0007267540910498305
  },
  "Materials": {
    "score": 0.030831934986464016,
    "flow": "INFLOW",
    "momentum_21d": 0.02429688432685828
  },
  "Real Estate": {
    "score": 0.031005835027541773,
    "flow": "INFLOW",
    "momentum_21d": 0.010687095810880898
  },
  "Communications": {
    "score": -0.06324265182746931,
    "flow": "OUTFLOW",
    "momentum_21d": -0.06756150746920775
  },
  "Staples": {
    "score": 0.005800696521873162,
    "flow": "NEUTRAL",
    "momentum_21d": -0.007369964766364756
  }
}