{
  "Technology": {
    "score": 0.14201521104770434,
    "flow": "INFLOW",
    "momentum_21d": 0.15177177558434218
  },
  "Healthcare": {
    "score": 0.005456193006857957,
    "flow": "NEUTRAL",
    "momentum_21d": 0.038198769490294104
  },
  "Financials": {
    "score": -0.007279701598639644,
    "flow": "NEUTRAL",
    "momentum_21d": 9.645345079145606e-05
  },
  "Energy": {
    "score": 0.016265925585658248,
    "flow": "NEUTRAL",
    "momentum_21d": 0.021578271344783184
  },
  "Consumer": {
    "score": 0.0003743226031833512,
    "flow": "NEUTRAL",
    "momentum_21d": 0.009334743191619754
  },
  "Industrials": {
    "score": -0.005906516954454055,
    "flow": "NEUTRAL",
    "momentum_21d": 0.009796547998494498
  },
  "Utilities": {
    "score": -0.014774487786346593,
    "flow": "NEUTRAL",
    "momentum_21d": -0.014613536634102253
  },
  "Materials": {
    "score": -0.031566434613026474,
    "flow": "OUTFLOW",
    "momentum_21d": -0.016125900041668473
  },
  "Real Estate": {
    "score": 0.00955562997824647,
    "flow": "NEUTRAL",
    "momentum_21d": 0.029087131313558334
  },
  "Communications": {
    "score": -0.013338767122173868,
    "flow": "NEUTRAL",
    "momentum_21d": -0.0031516956347820146
  },
  "Staples": {
    "score": -0.015109489194015327,
    "flow": "NEUTRAL",
    "momentum_21d": 0.016152561212134264
  }
}