{
  "Technology": {
    "score": 0.14054049301696447,
    "flow": "INFLOW",
    "momentum_21d": 0.1503394051723843
  },
  "Healthcare": {
    "score": 0.006572006994329959,
    "flow": "NEUTRAL",
    "momentum_21d": 0.03938375597425803
  },
  "Financials": {
    "score": -0.007322356312655499,
    "flow": "NEUTRAL",
    "momentum_21d": 9.645345079145606e-05
  },
  "Energy": {
    "score": 0.022679168896140744,
    "flow": "INFLOW",
    "momentum_21d": 0.028007753034471783
  },
  "Consumer": {
    "score": 0.0003316678891674965,
    "flow": "NEUTRAL",
    "momentum_21d": 0.009334743191619754
  },
  "Industrials": {
    "score": -0.006813318303876738,
    "flow": "NEUTRAL",
    "momentum_21d": 0.008927068540720784
  },
  "Utilities": {
    "score": -0.014728323888688668,
    "flow": "NEUTRAL",
    "momentum_21d": -0.014505264967855869
  },
  "Materials": {
    "score": -0.03247287681018888,
    "flow": "OUTFLOW",
    "momentum_21d": -0.016994926113629405
  },
  "Real Estate": {
    "score": 0.008325537673330665,
    "flow": "NEUTRAL",
    "momentum_21d": 0.02736257946152687
  },
  "Communications": {
    "score": -0.013079376461048687,
    "flow": "NEUTRAL",
    "momentum_21d": -0.00284944485464822
  },
  "Staples": {
    "score": -0.014736132825855687,
    "flow": "NEUTRAL",
    "momentum_21d": 0.016577672502712026
  }
}