{
  "Technology": {
    "score": 0.0033271519868346977,
    "flow": "NEUTRAL",
    "momentum_21d": -0.046708450849640815
  },
  "Healthcare": {
    "score": 0.048819690466804844,
    "flow": "INFLOW",
    "momentum_21d": 0.06259694043510677
  },
  "Financials": {
    "score": 0.048290969630026374,
    "flow": "INFLOW",
    "momentum_21d": 0.047815885737725994
  },
  "Energy": {
    "score": 0.0425167346057365,
    "flow": "INFLOW",
    "momentum_21d": 0.03741356940702989
  },
  "Consumer": {
    "score": -0.0027243311751664286,
    "flow": "NEUTRAL",
    "momentum_21d": -0.007480876729351382
  },
  "Industrials": {
    "score": 0.00736430531830058,
    "flow": "NEUTRAL",
    "momentum_21d": 0.004132433136282643
  },
  "Utilities": {
    "score": 0.0018944036593864307,
    "flow": "NEUTRAL",
    "momentum_21d": 0.015542552900544626
  },
  "Materials": {
    "score": -0.017653457564841664,
    "flow": "NEUTRAL",
    "momentum_21d": -0.031102389912111894
  },
  "Real Estate": {
    "score": 0.015663471844375103,
    "flow": "NEUTRAL",
    "momentum_21d": 0.01681502567322135
  },
  "Communications": {
    "score": 0.0004161666001626626,
    "flow": "NEUTRAL",
    "momentum_21d": 0.005547199033602013
  },
  "Staples": {
    "score": 0.013480948053120953,
    "flow": "NEUTRAL",
    "momentum_21d": 0.009526845886976831
  }
}