{
  "Technology": {
    "score": 0.06091507669177965,
    "flow": "INFLOW",
    "momentum_21d": -0.0009166684888914922
  },
  "Healthcare": {
    "score": 0.031885051969571275,
    "flow": "INFLOW",
    "momentum_21d": 0.034675794136975524
  },
  "Financials": {
    "score": 0.05413093233337525,
    "flow": "INFLOW",
    "momentum_21d": 0.042985092566335315
  },
  "Energy": {
    "score": -0.08064810743600505,
    "flow": "OUTFLOW",
    "momentum_21d": -0.07322584625880502
  },
  "Consumer": {
    "score": 0.009371067540437317,
    "flow": "NEUTRAL",
    "momentum_21d": -0.024182463261453457
  },
  "Industrials": {
    "score": 0.06441666287186931,
    "flow": "INFLOW",
    "momentum_21d": 0.04145445897239908
  },
  "Utilities": {
    "score": 0.019014255135396382,
    "flow": "NEUTRAL",
    "momentum_21d": 0.006718474581309586
  },
  "Materials": {
    "score": 0.02879911397699384,
    "flow": "INFLOW",
    "momentum_21d": 0.011022510443473132
  },
  "Real Estate": {
    "score": 0.026525246549893123,
    "flow": "INFLOW",
    "momentum_21d": 0.003460644209316577
  },
  "Communications": {
    "score": -0.061210248810156596,
    "flow": "OUTFLOW",
    "momentum_21d": -0.06820099018467474
  },
  "Staples": {
    "score": 0.019477360954536227,
    "flow": "NEUTRAL",
    "momentum_21d": 0.018015863837067325
  }
}