{
  "Technology": {
    "score": 0.14743349141902545,
    "flow": "INFLOW",
    "momentum_21d": 0.16781747994994234
  },
  "Healthcare": {
    "score": 5.056858019580829e-05,
    "flow": "NEUTRAL",
    "momentum_21d": 0.03416997128793131
  },
  "Financials": {
    "score": -0.01481564913993615,
    "flow": "NEUTRAL",
    "momentum_21d": -0.0074252330349703355
  },
  "Energy": {
    "score": -0.010416519499616755,
    "flow": "NEUTRAL",
    "momentum_21d": -0.008404100122088809
  },
  "Consumer": {
    "score": 0.02075821883498332,
    "flow": "INFLOW",
    "momentum_21d": 0.03585163334960151
  },
  "Industrials": {
    "score": 0.0008840848139463724,
    "flow": "NEUTRAL",
    "momentum_21d": 0.02257574398646356
  },
  "Utilities": {
    "score": -0.019437424099017594,
    "flow": "NEUTRAL",
    "momentum_21d": -0.02464649097339522
  },
  "Materials": {
    "score": -0.02235117350561401,
    "flow": "OUTFLOW",
    "momentum_21d": -0.002431906542591511
  },
  "Real Estate": {
    "score": 0.006305183796954919,
    "flow": "NEUTRAL",
    "momentum_21d": 0.01935774258881473
  },
  "Communications": {
    "score": -0.006882760343819449,
    "flow": "NEUTRAL",
    "momentum_21d": 0.007732152423899796
  },
  "Staples": {
    "score": -0.00815511374762774,
    "flow": "NEUTRAL",
    "momentum_21d": 0.020943642578485466
  }
}