{
  "Technology": {
    "score": 0.11070356594736434,
    "flow": "INFLOW",
    "momentum_21d": 0.19721601141894807
  },
  "Healthcare": {
    "score": -0.05291776595243433,
    "flow": "OUTFLOW",
    "momentum_21d": -0.02571450962939803
  },
  "Financials": {
    "score": 0.000886843212497575,
    "flow": "NEUTRAL",
    "momentum_21d": 0.0516507857449775
  },
  "Energy": {
    "score": 0.007853424321842318,
    "flow": "NEUTRAL",
    "momentum_21d": -0.0364022135706209
  },
  "Consumer": {
    "score": 0.005895500577329049,
    "flow": "NEUTRAL",
    "momentum_21d": 0.07212325875246872
  },
  "Industrials": {
    "score": 0.011296637174917277,
    "flow": "NEUTRAL",
    "momentum_21d": 0.0507017693987728
  },
  "Utilities": {
    "score": -0.013136751096135057,
    "flow": "NEUTRAL",
    "momentum_21d": -0.004576140493913972
  },
  "Materials": {
    "score": -0.0061323651205706904,
    "flow": "NEUTRAL",
    "momentum_21d": 0.019811843898041914
  },
  "Real Estate": {
    "score": 0.026805763227891393,
    "flow": "INFLOW",
    "momentum_21d": 0.06882188176774728
  },
  "Communications": {
    "score": -0.014689101136015782,
    "flow": "NEUTRAL",
    "momentum_21d": 0.039960312834078415
  },
  "Staples": {
    "score": -0.004550418858279292,
    "flow": "NEUTRAL",
    "momentum_21d": 0.01146614751793873
  }
}