{
  "Technology": {
    "score": 0.18753135998559828,
    "flow": "INFLOW",
    "momentum_21d": 0.197617581645523
  },
  "Healthcare": {
    "score": -0.000226199177202591,
    "flow": "NEUTRAL",
    "momentum_21d": 0.023837218964294138
  },
  "Financials": {
    "score": -0.010857076817861999,
    "flow": "NEUTRAL",
    "momentum_21d": -0.010550531858648848
  },
  "Energy": {
    "score": -0.055927994881811854,
    "flow": "OUTFLOW",
    "momentum_21d": -0.05632859219448372
  },
  "Consumer": {
    "score": 0.02115886957860642,
    "flow": "INFLOW",
    "momentum_21d": 0.021292812040145215
  },
  "Industrials": {
    "score": -0.017556602726856895,
    "flow": "NEUTRAL",
    "momentum_21d": -0.008305630272849807
  },
  "Utilities": {
    "score": -0.030689269777709853,
    "flow": "OUTFLOW",
    "momentum_21d": -0.051867670956661005
  },
  "Materials": {
    "score": -0.015597127650881105,
    "flow": "NEUTRAL",
    "momentum_21d": -0.006217207834366745
  },
  "Real Estate": {
    "score": -0.008202936112343141,
    "flow": "NEUTRAL",
    "momentum_21d": -0.00923423048022054
  },
  "Communications": {
    "score": -0.018124654208973946,
    "flow": "NEUTRAL",
    "momentum_21d": -0.0070380197389871
  },
  "Staples": {
    "score": -0.03698380579131643,
    "flow": "OUTFLOW",
    "momentum_21d": -0.016605312976215036
  }
}