{
  "Technology": {
    "score": 0.11751868904064641,
    "flow": "INFLOW",
    "momentum_21d": 0.18511483806250184
  },
  "Healthcare": {
    "score": -0.04559915700623551,
    "flow": "OUTFLOW",
    "momentum_21d": -0.008647794641815865
  },
  "Financials": {
    "score": -0.010185241105587464,
    "flow": "NEUTRAL",
    "momentum_21d": 0.035184386845168225
  },
  "Energy": {
    "score": 0.019628057701472915,
    "flow": "NEUTRAL",
    "momentum_21d": -0.006702438402035549
  },
  "Consumer": {
    "score": 0.018686673267025018,
    "flow": "NEUTRAL",
    "momentum_21d": 0.08024578069087296
  },
  "Industrials": {
    "score": 0.005087092353215349,
    "flow": "NEUTRAL",
    "momentum_21d": 0.04015552266473832
  },
  "Utilities": {
    "score": 0.00503788522493199,
    "flow": "NEUTRAL",
    "momentum_21d": 0.0018410851752448387
  },
  "Materials": {
    "score": -0.01929368156158319,
    "flow": "NEUTRAL",
    "momentum_21d": 0.008661838869379102
  },
  "Real Estate": {
    "score": 0.034869997094958874,
    "flow": "INFLOW",
    "momentum_21d": 0.052921527490348286
  },
  "Communications": {
    "score": -0.0018278907407124098,
    "flow": "NEUTRAL",
    "momentum_21d": 0.04080169534208955
  },
  "Staples": {
    "score": -0.013544961718182116,
    "flow": "NEUTRAL",
    "momentum_21d": 0.007742552156960514
  }
}