{
  "Technology": {
    "score": 0.10594211323134081,
    "flow": "INFLOW",
    "momentum_21d": 0.08791269478538566
  },
  "Healthcare": {
    "score": 0.008512488189112169,
    "flow": "NEUTRAL",
    "momentum_21d": 0.02328259913965791
  },
  "Financials": {
    "score": 0.06359456628317539,
    "flow": "INFLOW",
    "momentum_21d": 0.06330725453915398
  },
  "Energy": {
    "score": -0.08862413671827245,
    "flow": "OUTFLOW",
    "momentum_21d": -0.10393216921894743
  },
  "Consumer": {
    "score": 0.013133502277460839,
    "flow": "NEUTRAL",
    "momentum_21d": 0.011996912957116912
  },
  "Industrials": {
    "score": 0.06425814423045922,
    "flow": "INFLOW",
    "momentum_21d": 0.07443402364415941
  },
  "Utilities": {
    "score": -0.003245393564532262,
    "flow": "NEUTRAL",
    "momentum_21d": 0.005525460781273139
  },
  "Materials": {
    "score": 0.06038687617783922,
    "flow": "INFLOW",
    "momentum_21d": 0.07300158950902258
  },
  "Real Estate": {
    "score": 0.011011294091010015,
    "flow": "NEUTRAL",
    "momentum_21d": 0.006372385133028624
  },
  "Communications": {
    "score": -0.04527356300807054,
    "flow": "OUTFLOW",
    "momentum_21d": -0.05394907278653216
  },
  "Staples": {
    "score": -0.006147612898740007,
    "flow": "NEUTRAL",
    "momentum_21d": -0.028110097245760968
  }
}