{
  "Technology": {
    "score": 0.14564663411239354,
    "flow": "INFLOW",
    "momentum_21d": 0.1659169222042487
  },
  "Healthcare": {
    "score": 0.0008568561031429982,
    "flow": "NEUTRAL",
    "momentum_21d": 0.03524754903572802
  },
  "Financials": {
    "score": -0.016168982266464526,
    "flow": "NEUTRAL",
    "momentum_21d": -0.00887172802333347
  },
  "Energy": {
    "score": -0.009832943849687494,
    "flow": "NEUTRAL",
    "momentum_21d": -0.008057531796305306
  },
  "Consumer": {
    "score": 0.025538255971955387,
    "flow": "INFLOW",
    "momentum_21d": 0.04055204709476956
  },
  "Industrials": {
    "score": 0.0003458490140501704,
    "flow": "NEUTRAL",
    "momentum_21d": 0.021932390301235616
  },
  "Utilities": {
    "score": -0.019216024156776593,
    "flow": "NEUTRAL",
    "momentum_21d": -0.024430311048353026
  },
  "Materials": {
    "score": -0.022156455868820646,
    "flow": "OUTFLOW",
    "momentum_21d": -0.0023346837163343848
  },
  "Real Estate": {
    "score": 0.0065335880256799745,
    "flow": "NEUTRAL",
    "momentum_21d": 0.019585529795947965
  },
  "Communications": {
    "score": -0.00786039235349124,
    "flow": "NEUTRAL",
    "momentum_21d": 0.006652238816988287
  },
  "Staples": {
    "score": -0.007229155585730074,
    "flow": "NEUTRAL",
    "momentum_21d": 0.021786200273254952
  }
}