{
  "Technology": {
    "score": 0.04725790107935712,
    "flow": "INFLOW",
    "momentum_21d": -0.025759683448809412
  },
  "Healthcare": {
    "score": 0.07541511855055114,
    "flow": "INFLOW",
    "momentum_21d": 0.06552154443197855
  },
  "Financials": {
    "score": 0.044311286774787885,
    "flow": "INFLOW",
    "momentum_21d": 0.05566478588735313
  },
  "Energy": {
    "score": -0.04127042975363216,
    "flow": "OUTFLOW",
    "momentum_21d": -0.04345837296699473
  },
  "Consumer": {
    "score": -0.005743411465434254,
    "flow": "NEUTRAL",
    "momentum_21d": -0.05304872331898547
  },
  "Industrials": {
    "score": 0.051204336365298725,
    "flow": "INFLOW",
    "momentum_21d": 0.05344853048731224
  },
  "Utilities": {
    "score": 0.04151462303585949,
    "flow": "INFLOW",
    "momentum_21d": 0.04054801727342894
  },
  "Materials": {
    "score": 0.014548478453089538,
    "flow": "NEUTRAL",
    "momentum_21d": 0.010774692864929714
  },
  "Real Estate": {
    "score": 0.03219065109911235,
    "flow": "INFLOW",
    "momentum_21d": 0.025230995800422873
  },
  "Communications": {
    "score": -0.045129260916726185,
    "flow": "OUTFLOW",
    "momentum_21d": -0.07877874366742743
  },
  "Staples": {
    "score": 0.019550603072809324,
    "flow": "NEUTRAL",
    "momentum_21d": 0.013259506032354595
  }
}