{
  "Technology": {
    "score": 0.18119867271003456,
    "flow": "INFLOW",
    "momentum_21d": 0.2192156997125656
  },
  "Healthcare": {
    "score": -0.050147754528480165,
    "flow": "OUTFLOW",
    "momentum_21d": -0.034871957961350675
  },
  "Financials": {
    "score": -0.03226288683792401,
    "flow": "OUTFLOW",
    "momentum_21d": -0.009969016476376047
  },
  "Energy": {
    "score": -0.0038371704103442924,
    "flow": "NEUTRAL",
    "momentum_21d": -8.756904328111048e-05
  },
  "Consumer": {
    "score": 0.01749719957553302,
    "flow": "NEUTRAL",
    "momentum_21d": 0.04841116115073674
  },
  "Industrials": {
    "score": -0.00013268376556845388,
    "flow": "NEUTRAL",
    "momentum_21d": 0.012765598828201385
  },
  "Utilities": {
    "score": -0.03084490045962952,
    "flow": "OUTFLOW",
    "momentum_21d": -0.027592127530454258
  },
  "Materials": {
    "score": -0.010991311595305888,
    "flow": "NEUTRAL",
    "momentum_21d": 0.001437071563766379
  },
  "Real Estate": {
    "score": 0.014369042385530363,
    "flow": "NEUTRAL",
    "momentum_21d": 0.0335890209076799
  },
  "Communications": {
    "score": -0.01566703586512982,
    "flow": "NEUTRAL",
    "momentum_21d": 0.006052949805534169
  },
  "Staples": {
    "score": -0.013121232756347603,
    "flow": "NEUTRAL",
    "momentum_21d": 0.01974249601596867
  }
}