{
  "Technology": {
    "score": 0.161255239856924,
    "flow": "INFLOW",
    "momentum_21d": 0.20001408602988913
  },
  "Healthcare": {
    "score": -0.057869977420098244,
    "flow": "OUTFLOW",
    "momentum_21d": -0.028529460310683152
  },
  "Financials": {
    "score": -0.01506642142465593,
    "flow": "NEUTRAL",
    "momentum_21d": 0.012499987892806708
  },
  "Energy": {
    "score": -0.006269274750499643,
    "flow": "NEUTRAL",
    "momentum_21d": -0.01808784239208394
  },
  "Consumer": {
    "score": 0.04365332744490366,
    "flow": "INFLOW",
    "momentum_21d": 0.08166398733694002
  },
  "Industrials": {
    "score": 0.017269441520328787,
    "flow": "NEUTRAL",
    "momentum_21d": 0.03772584242945998
  },
  "Utilities": {
    "score": -0.01742187171668582,
    "flow": "NEUTRAL",
    "momentum_21d": -0.022873016732479323
  },
  "Materials": {
    "score": 0.0012322030596236353,
    "flow": "NEUTRAL",
    "momentum_21d": 0.012753620239847496
  },
  "Real Estate": {
    "score": 0.04393877974705249,
    "flow": "INFLOW",
    "momentum_21d": 0.05419423011739544
  },
  "Communications": {
    "score": 0.0012352659637426275,
    "flow": "NEUTRAL",
    "momentum_21d": 0.03110448107781405
  },
  "Staples": {
    "score": -0.010632088509558525,
    "flow": "NEUTRAL",
    "momentum_21d": 0.01763709961346116
  }
}