{
  "Technology": {
    "score": 0.02363482820125769,
    "flow": "INFLOW",
    "momentum_21d": -0.009846362129291797
  },
  "Healthcare": {
    "score": 0.029861544998125565,
    "flow": "INFLOW",
    "momentum_21d": 0.05199410668343196
  },
  "Financials": {
    "score": 0.04143879987568528,
    "flow": "INFLOW",
    "momentum_21d": 0.06653178490172973
  },
  "Energy": {
    "score": 0.015241730933087826,
    "flow": "NEUTRAL",
    "momentum_21d": 0.0013046152504982977
  },
  "Consumer": {
    "score": -0.0008176941352909359,
    "flow": "NEUTRAL",
    "momentum_21d": 0.001346448210418183
  },
  "Industrials": {
    "score": 0.011457320235439432,
    "flow": "NEUTRAL",
    "momentum_21d": 0.030734141813366866
  },
  "Utilities": {
    "score": 0.010210655691447268,
    "flow": "NEUTRAL",
    "momentum_21d": 0.044082123551366426
  },
  "Materials": {
    "score": -0.017102518538473832,
    "flow": "NEUTRAL",
    "momentum_21d": -0.011938254008859062
  },
  "Real Estate": {
    "score": 0.0029133110700448463,
    "flow": "NEUTRAL",
    "momentum_21d": 0.0015766861868498072
  },
  "Communications": {
    "score": 0.003199067697164736,
    "flow": "NEUTRAL",
    "momentum_21d": 0.0019307991909487399
  },
  "Staples": {
    "score": 0.0010009157893983815,
    "flow": "NEUTRAL",
    "momentum_21d": -0.007153664887667555
  }
}