{
  "Technology": {
    "score": 0.09160635653930861,
    "flow": "INFLOW",
    "momentum_21d": 0.07250056084239365
  },
  "Healthcare": {
    "score": 0.013270540381232588,
    "flow": "NEUTRAL",
    "momentum_21d": 0.02301112694209828
  },
  "Financials": {
    "score": 0.05937744436609853,
    "flow": "INFLOW",
    "momentum_21d": 0.05772995794576086
  },
  "Energy": {
    "score": -0.09140878503063281,
    "flow": "OUTFLOW",
    "momentum_21d": -0.10801113799469542
  },
  "Consumer": {
    "score": 0.006479333193151915,
    "flow": "NEUTRAL",
    "momentum_21d": 0.003998948877285802
  },
  "Industrials": {
    "score": 0.05562674898346511,
    "flow": "INFLOW",
    "momentum_21d": 0.06435937096607192
  },
  "Utilities": {
    "score": -0.004670067136304956,
    "flow": "NEUTRAL",
    "momentum_21d": 0.002706335847357133
  },
  "Materials": {
    "score": 0.04963689107826665,
    "flow": "INFLOW",
    "momentum_21d": 0.06076671057509664
  },
  "Real Estate": {
    "score": 0.008652546167372033,
    "flow": "NEUTRAL",
    "momentum_21d": 0.0006828082597141183
  },
  "Communications": {
    "score": -0.06160823820937986,
    "flow": "OUTFLOW",
    "momentum_21d": -0.05740182661603055
  },
  "Staples": {
    "score": -0.004649151325698875,
    "flow": "NEUTRAL",
    "momentum_21d": -0.027993914917314733
  }
}