{
  "Technology": {
    "score": 0.15526944646695345,
    "flow": "INFLOW",
    "momentum_21d": 0.18426385059465344
  },
  "Healthcare": {
    "score": -0.02882522089655034,
    "flow": "OUTFLOW",
    "momentum_21d": -0.02002281590321975
  },
  "Financials": {
    "score": -0.019880297106290544,
    "flow": "NEUTRAL",
    "momentum_21d": -0.003862436325938079
  },
  "Energy": {
    "score": 0.005256090351306564,
    "flow": "NEUTRAL",
    "momentum_21d": 0.02895440410713679
  },
  "Consumer": {
    "score": 0.000379686859493588,
    "flow": "NEUTRAL",
    "momentum_21d": 0.015887997555239064
  },
  "Industrials": {
    "score": -0.00190359907318185,
    "flow": "NEUTRAL",
    "momentum_21d": 0.005768675885727159
  },
  "Utilities": {
    "score": -0.033115159300706555,
    "flow": "OUTFLOW",
    "momentum_21d": -0.02754470756122729
  },
  "Materials": {
    "score": -0.009050120134338237,
    "flow": "NEUTRAL",
    "momentum_21d": 0.0024995399406004815
  },
  "Real Estate": {
    "score": 0.016828578717755182,
    "flow": "NEUTRAL",
    "momentum_21d": 0.026479427073406114
  },
  "Communications": {
    "score": -0.01498479351501153,
    "flow": "NEUTRAL",
    "momentum_21d": -0.006005464678311312
  },
  "Staples": {
    "score": 0.003251845930612606,
    "flow": "NEUTRAL",
    "momentum_21d": 0.03645515129743715
  }
}