{
  "Technology": {
    "score": 0.12067613071591525,
    "flow": "INFLOW",
    "momentum_21d": 0.23803926355698524
  },
  "Healthcare": {
    "score": -0.04594188371153845,
    "flow": "OUTFLOW",
    "momentum_21d": 0.0001389863207752473
  },
  "Financials": {
    "score": 0.004002301512873214,
    "flow": "NEUTRAL",
    "momentum_21d": 0.07216703514727607
  },
  "Energy": {
    "score": -0.011842497061137387,
    "flow": "NEUTRAL",
    "momentum_21d": -0.06859264142670174
  },
  "Consumer": {
    "score": 0.012655271500440525,
    "flow": "NEUTRAL",
    "momentum_21d": 0.10742000833557896
  },
  "Industrials": {
    "score": 0.0292184517054492,
    "flow": "INFLOW",
    "momentum_21d": 0.0917565612743998
  },
  "Utilities": {
    "score": -0.005166022901949695,
    "flow": "NEUTRAL",
    "momentum_21d": 0.007186451311268938
  },
  "Materials": {
    "score": 0.0035958993216173864,
    "flow": "NEUTRAL",
    "momentum_21d": 0.04705645479956755
  },
  "Real Estate": {
    "score": 0.02846301999154842,
    "flow": "INFLOW",
    "momentum_21d": 0.09201693228509011
  },
  "Communications": {
    "score": 0.003957291099468888,
    "flow": "NEUTRAL",
    "momentum_21d": 0.07215636329741071
  },
  "Staples": {
    "score": -0.005209875031362495,
    "flow": "NEUTRAL",
    "momentum_21d": 0.014655649949800509
  }
}