{
  "Technology": {
    "score": 0.13094335977432509,
    "flow": "INFLOW",
    "momentum_21d": 0.23129620901534653
  },
  "Healthcare": {
    "score": -0.034138623774733874,
    "flow": "OUTFLOW",
    "momentum_21d": 0.0029317198453842064
  },
  "Financials": {
    "score": 0.008222492151030552,
    "flow": "NEUTRAL",
    "momentum_21d": 0.0823049036930592
  },
  "Energy": {
    "score": -0.027001277688716383,
    "flow": "OUTFLOW",
    "momentum_21d": -0.09375002477175076
  },
  "Consumer": {
    "score": 0.02211309226436776,
    "flow": "INFLOW",
    "momentum_21d": 0.11870740095305354
  },
  "Industrials": {
    "score": 0.02284899382601918,
    "flow": "INFLOW",
    "momentum_21d": 0.08190960298297822
  },
  "Utilities": {
    "score": -0.003633269284549802,
    "flow": "NEUTRAL",
    "momentum_21d": 0.01601227330100996
  },
  "Materials": {
    "score": 0.006275688156359127,
    "flow": "NEUTRAL",
    "momentum_21d": 0.05694131785116885
  },
  "Real Estate": {
    "score": 0.023367218776417075,
    "flow": "INFLOW",
    "momentum_21d": 0.08972757568589462
  },
  "Communications": {
    "score": 0.010953340405905732,
    "flow": "NEUTRAL",
    "momentum_21d": 0.08538863332840818
  },
  "Staples": {
    "score": -0.011866931173328616,
    "flow": "NEUTRAL",
    "momentum_21d": 0.009598968865576651
  }
}