{
  "Technology": {
    "score": 0.05864386422517227,
    "flow": "INFLOW",
    "momentum_21d": -0.02560697447051863
  },
  "Healthcare": {
    "score": 0.07154161119005202,
    "flow": "INFLOW",
    "momentum_21d": 0.07792035059249147
  },
  "Financials": {
    "score": 0.028353339484807883,
    "flow": "INFLOW",
    "momentum_21d": 0.046039137762817095
  },
  "Energy": {
    "score": -0.046268899405939694,
    "flow": "OUTFLOW",
    "momentum_21d": -0.06643948690095414
  },
  "Consumer": {
    "score": 0.01299950462012213,
    "flow": "NEUTRAL",
    "momentum_21d": -0.00572216122125202
  },
  "Industrials": {
    "score": 0.08048638315390014,
    "flow": "INFLOW",
    "momentum_21d": 0.07706333878612615
  },
  "Utilities": {
    "score": 0.034597323504196933,
    "flow": "INFLOW",
    "momentum_21d": 0.05868954755966982
  },
  "Materials": {
    "score": -0.0013244295968811038,
    "flow": "NEUTRAL",
    "momentum_21d": 0.0019650871250285196
  },
  "Real Estate": {
    "score": 0.028850094287929735,
    "flow": "INFLOW",
    "momentum_21d": 0.02648082545343744
  },
  "Communications": {
    "score": -0.0522178401876478,
    "flow": "OUTFLOW",
    "momentum_21d": -0.07093939591429488
  },
  "Staples": {
    "score": 0.0097013074154213,
    "flow": "NEUTRAL",
    "momentum_21d": 0.0197048104150801
  }
}