{
  "Technology": {
    "score": 0.07293975201019148,
    "flow": "INFLOW",
    "momentum_21d": 0.18241790780755496
  },
  "Healthcare": {
    "score": -0.041831808233413106,
    "flow": "OUTFLOW",
    "momentum_21d": -0.012455130245073276
  },
  "Financials": {
    "score": 0.0008683926488111097,
    "flow": "NEUTRAL",
    "momentum_21d": 0.053094661668980914
  },
  "Energy": {
    "score": 0.02794198270180202,
    "flow": "INFLOW",
    "momentum_21d": 0.004663349253672733
  },
  "Consumer": {
    "score": 0.004376447540131244,
    "flow": "NEUTRAL",
    "momentum_21d": 0.07149360888834155
  },
  "Industrials": {
    "score": 0.022919736698874656,
    "flow": "INFLOW",
    "momentum_21d": 0.05932618936526479
  },
  "Utilities": {
    "score": 0.001956436164281102,
    "flow": "NEUTRAL",
    "momentum_21d": 0.007371523876811281
  },
  "Materials": {
    "score": -0.0008965503973979263,
    "flow": "NEUTRAL",
    "momentum_21d": 0.020313149910347716
  },
  "Real Estate": {
    "score": 0.03233553594235046,
    "flow": "INFLOW",
    "momentum_21d": 0.07814409531917565
  },
  "Communications": {
    "score": -0.007975263185189943,
    "flow": "NEUTRAL",
    "momentum_21d": 0.046610978852571705
  },
  "Staples": {
    "score": 0.005034391970260097,
    "flow": "NEUTRAL",
    "momentum_21d": 0.03179479494714177
  }
}