{
  "Technology": {
    "score": 0.1530633874178664,
    "flow": "INFLOW",
    "momentum_21d": 0.13584444729480571
  },
  "Healthcare": {
    "score": -0.009936194193369753,
    "flow": "NEUTRAL",
    "momentum_21d": 0.007761176587818053
  },
  "Financials": {
    "score": -0.007373219681799669,
    "flow": "NEUTRAL",
    "momentum_21d": -0.007239382346007961
  },
  "Energy": {
    "score": 0.054619135871407896,
    "flow": "INFLOW",
    "momentum_21d": 0.047648300709012936
  },
  "Consumer": {
    "score": -0.011346074051844977,
    "flow": "NEUTRAL",
    "momentum_21d": -0.001783583219660323
  },
  "Industrials": {
    "score": -0.03341939972354874,
    "flow": "OUTFLOW",
    "momentum_21d": -0.025966588626851084
  },
  "Utilities": {
    "score": -0.026711605992576482,
    "flow": "OUTFLOW",
    "momentum_21d": -0.02592752638029927
  },
  "Materials": {
    "score": -0.05193017085865906,
    "flow": "OUTFLOW",
    "momentum_21d": -0.04120830109321516
  },
  "Real Estate": {
    "score": -0.0015829118288523151,
    "flow": "NEUTRAL",
    "momentum_21d": 0.006437692264304129
  },
  "Communications": {
    "score": -0.014771178050545918,
    "flow": "NEUTRAL",
    "momentum_21d": -0.011414910510756715
  },
  "Staples": {
    "score": -0.01312457461201746,
    "flow": "NEUTRAL",
    "momentum_21d": 0.009403402026212815
  }
}