{
  "Technology": {
    "score": 0.022278425739049118,
    "flow": "INFLOW",
    "momentum_21d": -0.0052005397536785125
  },
  "Healthcare": {
    "score": 0.026543614706649413,
    "flow": "INFLOW",
    "momentum_21d": 0.03366557288579286
  },
  "Financials": {
    "score": 0.057363017104703456,
    "flow": "INFLOW",
    "momentum_21d": 0.05693281108854187
  },
  "Energy": {
    "score": 0.021848858842300638,
    "flow": "INFLOW",
    "momentum_21d": -0.00328914360290411
  },
  "Consumer": {
    "score": -0.00931234526548047,
    "flow": "NEUTRAL",
    "momentum_21d": -0.004022723467117295
  },
  "Industrials": {
    "score": 0.007770072485646482,
    "flow": "NEUTRAL",
    "momentum_21d": 0.0267565102521794
  },
  "Utilities": {
    "score": 0.009292622581919695,
    "flow": "NEUTRAL",
    "momentum_21d": 0.03260171710043913
  },
  "Materials": {
    "score": -0.01529073498088367,
    "flow": "NEUTRAL",
    "momentum_21d": -0.02588452256756979
  },
  "Real Estate": {
    "score": 0.0007367577365444998,
    "flow": "NEUTRAL",
    "momentum_21d": -0.010807496276370676
  },
  "Communications": {
    "score": 0.0006926617294013974,
    "flow": "NEUTRAL",
    "momentum_21d": 0.0008054826808892024
  },
  "Staples": {
    "score": -0.004465063668690327,
    "flow": "NEUTRAL",
    "momentum_21d": -0.021220942957475897
  }
}