{
  "Technology": {
    "score": 0.060497201865276594,
    "flow": "INFLOW",
    "momentum_21d": 0.0530573080162513
  },
  "Healthcare": {
    "score": 0.04005023934378902,
    "flow": "INFLOW",
    "momentum_21d": 0.05691416410830863
  },
  "Financials": {
    "score": 0.05872094055537463,
    "flow": "INFLOW",
    "momentum_21d": 0.07036477463404034
  },
  "Energy": {
    "score": -0.03070406842910063,
    "flow": "OUTFLOW",
    "momentum_21d": -0.04760129478118014
  },
  "Consumer": {
    "score": 0.0245243902853701,
    "flow": "INFLOW",
    "momentum_21d": 0.0351010906939333
  },
  "Industrials": {
    "score": 0.02983127594896246,
    "flow": "INFLOW",
    "momentum_21d": 0.07490026866400723
  },
  "Utilities": {
    "score": 0.00014664281094696084,
    "flow": "NEUTRAL",
    "momentum_21d": 0.03863556112296229
  },
  "Materials": {
    "score": -0.001266649877255244,
    "flow": "NEUTRAL",
    "momentum_21d": 0.02984443456668595
  },
  "Real Estate": {
    "score": -0.004307478341411157,
    "flow": "NEUTRAL",
    "momentum_21d": -0.00334502026231398
  },
  "Communications": {
    "score": 0.007352869967691621,
    "flow": "NEUTRAL",
    "momentum_21d": 0.008291445444314816
  },
  "Staples": {
    "score": -0.009696910926371528,
    "flow": "NEUTRAL",
    "momentum_21d": -0.009197859982250423
  }
}