{
  "Technology": {
    "score": 0.17128042984864594,
    "flow": "INFLOW",
    "momentum_21d": 0.23061988217501206
  },
  "Healthcare": {
    "score": -0.045682894893982,
    "flow": "OUTFLOW",
    "momentum_21d": -0.02593165520833207
  },
  "Financials": {
    "score": -0.02482576239125055,
    "flow": "OUTFLOW",
    "momentum_21d": 0.009257459453720696
  },
  "Energy": {
    "score": -0.024624727890631803,
    "flow": "OUTFLOW",
    "momentum_21d": -0.02177727245655192
  },
  "Consumer": {
    "score": 0.026184850886653743,
    "flow": "INFLOW",
    "momentum_21d": 0.06475327839592526
  },
  "Industrials": {
    "score": -0.011037513174895165,
    "flow": "NEUTRAL",
    "momentum_21d": 0.009794733173587034
  },
  "Utilities": {
    "score": -0.04337509662992514,
    "flow": "OUTFLOW",
    "momentum_21d": -0.04770012579728067
  },
  "Materials": {
    "score": -0.023162734549102903,
    "flow": "OUTFLOW",
    "momentum_21d": -0.0071208417706715155
  },
  "Real Estate": {
    "score": 0.01943074621609961,
    "flow": "NEUTRAL",
    "momentum_21d": 0.037132185051838684
  },
  "Communications": {
    "score": -0.00033119705181195065,
    "flow": "NEUTRAL",
    "momentum_21d": 0.02623962767214616
  },
  "Staples": {
    "score": -0.0057791703162623845,
    "flow": "NEUTRAL",
    "momentum_21d": 0.021973989295136498
  }
}