{
  "Technology": {
    "score": 0.15758157451803897,
    "flow": "INFLOW",
    "momentum_21d": 0.17481617959089268
  },
  "Healthcare": {
    "score": 0.009122866898264257,
    "flow": "NEUTRAL",
    "momentum_21d": 0.055306702308965505
  },
  "Financials": {
    "score": -0.018645531214177214,
    "flow": "NEUTRAL",
    "momentum_21d": -0.013193327865012594
  },
  "Energy": {
    "score": -0.029951752408493838,
    "flow": "OUTFLOW",
    "momentum_21d": -0.034812812937013216
  },
  "Consumer": {
    "score": 0.026657786707450205,
    "flow": "INFLOW",
    "momentum_21d": 0.04309315148854176
  },
  "Industrials": {
    "score": -0.004698527292128907,
    "flow": "NEUTRAL",
    "momentum_21d": 0.02312721770116588
  },
  "Utilities": {
    "score": -0.02580417891902034,
    "flow": "OUTFLOW",
    "momentum_21d": -0.022876575671217148
  },
  "Materials": {
    "score": -0.012835621644759062,
    "flow": "NEUTRAL",
    "momentum_21d": 0.006181366700656499
  },
  "Real Estate": {
    "score": 0.0035057631075593007,
    "flow": "NEUTRAL",
    "momentum_21d": 0.01844638671939869
  },
  "Communications": {
    "score": -0.011035035882750744,
    "flow": "NEUTRAL",
    "momentum_21d": 0.009758001483791245
  },
  "Staples": {
    "score": -0.011526931167403996,
    "flow": "NEUTRAL",
    "momentum_21d": 0.017908835542011836
  }
}