{
  "Technology": {
    "score": 0.11711078388919946,
    "flow": "INFLOW",
    "momentum_21d": 0.1847492652287246
  },
  "Healthcare": {
    "score": -0.04818511927229235,
    "flow": "OUTFLOW",
    "momentum_21d": -0.010596137986686793
  },
  "Financials": {
    "score": -0.01131620191121039,
    "flow": "NEUTRAL",
    "momentum_21d": 0.03408181087682749
  },
  "Energy": {
    "score": 0.029923222793794873,
    "flow": "INFLOW",
    "momentum_21d": -0.004859264645516337
  },
  "Consumer": {
    "score": 0.01781423024341362,
    "flow": "NEUTRAL",
    "momentum_21d": 0.07960381724409671
  },
  "Industrials": {
    "score": 0.0035954988422208112,
    "flow": "NEUTRAL",
    "momentum_21d": 0.038697497682816495
  },
  "Utilities": {
    "score": 0.009687812204308702,
    "flow": "NEUTRAL",
    "momentum_21d": 0.004331833893681525
  },
  "Materials": {
    "score": -0.01944986426275193,
    "flow": "NEUTRAL",
    "momentum_21d": 0.008562331635279197
  },
  "Real Estate": {
    "score": 0.038192628309889336,
    "flow": "INFLOW",
    "momentum_21d": 0.05555564182877837
  },
  "Communications": {
    "score": -0.004402101475460275,
    "flow": "NEUTRAL",
    "momentum_21d": 0.038833180520168264
  },
  "Staples": {
    "score": -0.010709031232964895,
    "flow": "NEUTRAL",
    "momentum_21d": 0.010645986141195385
  }
}