{
  "Technology": {
    "score": 0.06008538628386662,
    "flow": "INFLOW",
    "momentum_21d": 0.0014095778232827705
  },
  "Healthcare": {
    "score": 0.04994986420613798,
    "flow": "INFLOW",
    "momentum_21d": 0.052474046651906026
  },
  "Financials": {
    "score": 0.038010158679834406,
    "flow": "INFLOW",
    "momentum_21d": 0.04741352451696801
  },
  "Energy": {
    "score": -0.053103235495254586,
    "flow": "OUTFLOW",
    "momentum_21d": -0.04227581402015479
  },
  "Consumer": {
    "score": -0.0252104459414613,
    "flow": "OUTFLOW",
    "momentum_21d": -0.06370770330132136
  },
  "Industrials": {
    "score": 0.07464595934749481,
    "flow": "INFLOW",
    "momentum_21d": 0.05520018183589315
  },
  "Utilities": {
    "score": 0.031642589557167415,
    "flow": "INFLOW",
    "momentum_21d": 0.020988511833417878
  },
  "Materials": {
    "score": 0.018523345474616447,
    "flow": "NEUTRAL",
    "momentum_21d": 0.014133414072186712
  },
  "Real Estate": {
    "score": 0.030170219009416098,
    "flow": "INFLOW",
    "momentum_21d": 0.00650482239951744
  },
  "Communications": {
    "score": -0.06045290006371516,
    "flow": "OUTFLOW",
    "momentum_21d": -0.08699963701298996
  },
  "Staples": {
    "score": 0.010016209190049787,
    "flow": "NEUTRAL",
    "momentum_21d": 3.3606795766472075e-05
  }
}