{
  "Technology": {
    "score": 0.1374745707874072,
    "flow": "INFLOW",
    "momentum_21d": 0.20519547194883048
  },
  "Healthcare": {
    "score": -0.0508281542513877,
    "flow": "OUTFLOW",
    "momentum_21d": -0.008664830517826405
  },
  "Financials": {
    "score": -0.01417732259998681,
    "flow": "NEUTRAL",
    "momentum_21d": 0.033881286898954865
  },
  "Energy": {
    "score": 0.011676763219396188,
    "flow": "NEUTRAL",
    "momentum_21d": -0.011635651009223924
  },
  "Consumer": {
    "score": 0.029987680377871497,
    "flow": "INFLOW",
    "momentum_21d": 0.09557393868973896
  },
  "Industrials": {
    "score": 0.01170847051767869,
    "flow": "NEUTRAL",
    "momentum_21d": 0.04947654030826332
  },
  "Utilities": {
    "score": 0.008323896044556946,
    "flow": "NEUTRAL",
    "momentum_21d": 0.0021611945781667696
  },
  "Materials": {
    "score": -0.007328591938404296,
    "flow": "NEUTRAL",
    "momentum_21d": 0.02895361212513059
  },
  "Real Estate": {
    "score": 0.03796489247128829,
    "flow": "INFLOW",
    "momentum_21d": 0.058724757347955236
  },
  "Communications": {
    "score": -0.012513940299489263,
    "flow": "NEUTRAL",
    "momentum_21d": 0.034072594965049996
  },
  "Staples": {
    "score": -0.000860023588315606,
    "flow": "NEUTRAL",
    "momentum_21d": 0.03445724032432529
  }
}