{
  "Technology": {
    "score": -0.01222296850611017,
    "flow": "NEUTRAL",
    "momentum_21d": -0.08107230951052846
  },
  "Healthcare": {
    "score": 0.04409487663803161,
    "flow": "INFLOW",
    "momentum_21d": 0.07063150653369288
  },
  "Financials": {
    "score": 0.05171723096310085,
    "flow": "INFLOW",
    "momentum_21d": 0.04977242800556492
  },
  "Energy": {
    "score": 0.07396637864200532,
    "flow": "INFLOW",
    "momentum_21d": 0.08532352361539397
  },
  "Consumer": {
    "score": -0.02416217430819768,
    "flow": "OUTFLOW",
    "momentum_21d": -0.019815857605874787
  },
  "Industrials": {
    "score": -0.006904446580841016,
    "flow": "NEUTRAL",
    "momentum_21d": -0.012999724359982534
  },
  "Utilities": {
    "score": -0.0008138646671162261,
    "flow": "NEUTRAL",
    "momentum_21d": 0.010432609127484449
  },
  "Materials": {
    "score": -0.030455101734021717,
    "flow": "OUTFLOW",
    "momentum_21d": -0.030745719098546953
  },
  "Real Estate": {
    "score": 0.01965101564486621,
    "flow": "NEUTRAL",
    "momentum_21d": 0.04027230265177573
  },
  "Communications": {
    "score": -0.003338326248131792,
    "flow": "NEUTRAL",
    "momentum_21d": 0.01496805488948394
  },
  "Staples": {
    "score": 0.021568624581630714,
    "flow": "INFLOW",
    "momentum_21d": 0.025796034367413956
  }
}