{
  "Technology": {
    "score": 0.16900712714719335,
    "flow": "INFLOW",
    "momentum_21d": 0.1824759206338229
  },
  "Healthcare": {
    "score": -0.030616697161846698,
    "flow": "OUTFLOW",
    "momentum_21d": 3.413739029856089e-05
  },
  "Financials": {
    "score": -0.02386318022731023,
    "flow": "OUTFLOW",
    "momentum_21d": -0.013645956200851739
  },
  "Energy": {
    "score": 0.00779494597954153,
    "flow": "NEUTRAL",
    "momentum_21d": 0.026511133818604815
  },
  "Consumer": {
    "score": -0.0022437673216036623,
    "flow": "NEUTRAL",
    "momentum_21d": 0.009733947965621326
  },
  "Industrials": {
    "score": 0.0005941900946729434,
    "flow": "NEUTRAL",
    "momentum_21d": 0.02277933917162156
  },
  "Utilities": {
    "score": -0.04825077928143842,
    "flow": "OUTFLOW",
    "momentum_21d": -0.0344120271524152
  },
  "Materials": {
    "score": -0.015969255089717693,
    "flow": "NEUTRAL",
    "momentum_21d": 0.0
  },
  "Real Estate": {
    "score": -0.007876940431544348,
    "flow": "NEUTRAL",
    "momentum_21d": 0.002739076195462653
  },
  "Communications": {
    "score": -0.014056911841677866,
    "flow": "NEUTRAL",
    "momentum_21d": -0.01405367452000561
  },
  "Staples": {
    "score": 0.0008807116144961651,
    "flow": "NEUTRAL",
    "momentum_21d": 0.04212207162374004
  }
}