{
  "Technology": {
    "score": 0.0783540815442339,
    "flow": "INFLOW",
    "momentum_21d": -0.010109840963091865
  },
  "Healthcare": {
    "score": 0.035649336910520656,
    "flow": "INFLOW",
    "momentum_21d": 0.037144417511797645
  },
  "Financials": {
    "score": 0.0521235262963845,
    "flow": "INFLOW",
    "momentum_21d": 0.03969495417365243
  },
  "Energy": {
    "score": -0.07348478589192348,
    "flow": "OUTFLOW",
    "momentum_21d": -0.06730618899041652
  },
  "Consumer": {
    "score": -0.00021877708413768843,
    "flow": "NEUTRAL",
    "momentum_21d": -0.034748455304928205
  },
  "Industrials": {
    "score": 0.06062522487510642,
    "flow": "INFLOW",
    "momentum_21d": 0.03645081260108696
  },
  "Utilities": {
    "score": 0.03210131505146007,
    "flow": "INFLOW",
    "momentum_21d": 0.01104772345180316
  },
  "Materials": {
    "score": 0.026112842672731843,
    "flow": "INFLOW",
    "momentum_21d": 0.007085491926442478
  },
  "Real Estate": {
    "score": 0.037231857481621854,
    "flow": "INFLOW",
    "momentum_21d": 0.0042503231443664635
  },
  "Communications": {
    "score": -0.06928469169795057,
    "flow": "OUTFLOW",
    "momentum_21d": -0.07557623686529735
  },
  "Staples": {
    "score": 0.019463690850758254,
    "flow": "NEUTRAL",
    "momentum_21d": 0.016691412478962775
  }
}