{
  "Technology": {
    "score": 0.028980913024074007,
    "flow": "INFLOW",
    "momentum_21d": -0.0020044942898304052
  },
  "Healthcare": {
    "score": 0.02954708938234567,
    "flow": "INFLOW",
    "momentum_21d": 0.05212450123586376
  },
  "Financials": {
    "score": 0.03963670584952584,
    "flow": "INFLOW",
    "momentum_21d": 0.06452936468317083
  },
  "Energy": {
    "score": 0.009728465306736775,
    "flow": "NEUTRAL",
    "momentum_21d": -0.0035445579079661504
  },
  "Consumer": {
    "score": 0.0005016485758561617,
    "flow": "NEUTRAL",
    "momentum_21d": 0.0032418876068065483
  },
  "Industrials": {
    "score": 0.013946399425381933,
    "flow": "NEUTRAL",
    "momentum_21d": 0.03491231529778105
  },
  "Utilities": {
    "score": 0.009025596467165711,
    "flow": "NEUTRAL",
    "momentum_21d": 0.042939819202687746
  },
  "Materials": {
    "score": -0.009021287977600831,
    "flow": "NEUTRAL",
    "momentum_21d": -0.007137027306126531
  },
  "Real Estate": {
    "score": 0.003378050804412046,
    "flow": "NEUTRAL",
    "momentum_21d": 0.002811821282856286
  },
  "Communications": {
    "score": 0.005344857758637139,
    "flow": "NEUTRAL",
    "momentum_21d": 0.0055523865642683745
  },
  "Staples": {
    "score": 0.0031384047901386316,
    "flow": "NEUTRAL",
    "momentum_21d": -0.0015046631855469839
  }
}