{
  "Technology": {
    "score": 0.000751661363661706,
    "flow": "NEUTRAL",
    "momentum_21d": -0.027888531234253056
  },
  "Healthcare": {
    "score": 0.03266359783558791,
    "flow": "INFLOW",
    "momentum_21d": 0.05112485181512416
  },
  "Financials": {
    "score": 0.032099383573038986,
    "flow": "INFLOW",
    "momentum_21d": 0.03573899745327069
  },
  "Energy": {
    "score": 0.09970029417192465,
    "flow": "INFLOW",
    "momentum_21d": 0.12180327726433293
  },
  "Consumer": {
    "score": -0.06691033665479296,
    "flow": "OUTFLOW",
    "momentum_21d": -0.0567914838797795
  },
  "Industrials": {
    "score": 0.008924664924550647,
    "flow": "NEUTRAL",
    "momentum_21d": 0.008934024473501445
  },
  "Utilities": {
    "score": 0.013800705085750375,
    "flow": "NEUTRAL",
    "momentum_21d": 0.015041667650915524
  },
  "Materials": {
    "score": -0.013117192674824777,
    "flow": "NEUTRAL",
    "momentum_21d": -0.01759189852547338
  },
  "Real Estate": {
    "score": 0.011840759680754988,
    "flow": "NEUTRAL",
    "momentum_21d": 0.013143179537863592
  },
  "Communications": {
    "score": -0.02911696239950024,
    "flow": "OUTFLOW",
    "momentum_21d": -0.00919845455708801
  },
  "Staples": {
    "score": -0.007284453781502115,
    "flow": "NEUTRAL",
    "momentum_21d": -0.014211328078411856
  }
}