{
  "Technology": {
    "score": 0.1360090190993934,
    "flow": "INFLOW",
    "momentum_21d": 0.11991727169817734
  },
  "Healthcare": {
    "score": -0.011534877690623625,
    "flow": "NEUTRAL",
    "momentum_21d": 0.009594361107738703
  },
  "Financials": {
    "score": -0.027196505207964496,
    "flow": "OUTFLOW",
    "momentum_21d": -0.022944565591678123
  },
  "Energy": {
    "score": 0.06038146804569011,
    "flow": "INFLOW",
    "momentum_21d": 0.09701095556222405
  },
  "Consumer": {
    "score": -0.03877857782362179,
    "flow": "OUTFLOW",
    "momentum_21d": -0.03311761285180703
  },
  "Industrials": {
    "score": -0.03816850707541769,
    "flow": "OUTFLOW",
    "momentum_21d": -0.015748932044987396
  },
  "Utilities": {
    "score": -0.030531795490674807,
    "flow": "OUTFLOW",
    "momentum_21d": -0.013570647385939494
  },
  "Materials": {
    "score": -0.06760144181733696,
    "flow": "OUTFLOW",
    "momentum_21d": -0.05273323388249895
  },
  "Real Estate": {
    "score": -0.007166137579834064,
    "flow": "NEUTRAL",
    "momentum_21d": 0.0036546334370335387
  },
  "Communications": {
    "score": -0.015972238567876582,
    "flow": "NEUTRAL",
    "momentum_21d": -0.011181334474573368
  },
  "Staples": {
    "score": 0.021632310149340795,
    "flow": "INFLOW",
    "momentum_21d": 0.05193059860918292
  }
}