{
  "Technology": {
    "score": 0.0023539255363228435,
    "flow": "NEUTRAL",
    "momentum_21d": -0.05917249793571566
  },
  "Healthcare": {
    "score": 0.03480975785709687,
    "flow": "INFLOW",
    "momentum_21d": 0.06790618823932326
  },
  "Financials": {
    "score": 0.042937327894736005,
    "flow": "INFLOW",
    "momentum_21d": 0.044878953690357326
  },
  "Energy": {
    "score": 0.06659276939237069,
    "flow": "INFLOW",
    "momentum_21d": 0.0821309381043156
  },
  "Consumer": {
    "score": -0.008976175490419203,
    "flow": "NEUTRAL",
    "momentum_21d": -0.0006090107302711978
  },
  "Industrials": {
    "score": -0.0036719537820293783,
    "flow": "NEUTRAL",
    "momentum_21d": -0.017271723525518867
  },
  "Utilities": {
    "score": -0.000576373227992033,
    "flow": "NEUTRAL",
    "momentum_21d": 0.004472203550602849
  },
  "Materials": {
    "score": -0.021854919319017917,
    "flow": "OUTFLOW",
    "momentum_21d": -0.02944596065895677
  },
  "Real Estate": {
    "score": 0.01945231361224012,
    "flow": "NEUTRAL",
    "momentum_21d": 0.026806003927873023
  },
  "Communications": {
    "score": 0.0025667457942445777,
    "flow": "NEUTRAL",
    "momentum_21d": 0.029664964915209202
  },
  "Staples": {
    "score": 0.016070589560227035,
    "flow": "NEUTRAL",
    "momentum_21d": 0.022876578807941028
  }
}