{
  "Technology": {
    "score": 0.1648437627615105,
    "flow": "INFLOW",
    "momentum_21d": 0.1460472940224984
  },
  "Healthcare": {
    "score": -0.005740292807397896,
    "flow": "NEUTRAL",
    "momentum_21d": 0.013060642311105486
  },
  "Financials": {
    "score": -0.0024906820122305717,
    "flow": "NEUTRAL",
    "momentum_21d": -0.0013513454798304014
  },
  "Energy": {
    "score": 0.04350002449229957,
    "flow": "INFLOW",
    "momentum_21d": 0.03773256481487364
  },
  "Consumer": {
    "score": -0.0032164045781830687,
    "flow": "NEUTRAL",
    "momentum_21d": 0.008153551060731346
  },
  "Industrials": {
    "score": -0.028838589399492152,
    "flow": "OUTFLOW",
    "momentum_21d": -0.020336694410130862
  },
  "Utilities": {
    "score": -0.025470964108278815,
    "flow": "OUTFLOW",
    "momentum_21d": -0.02364938487696422
  },
  "Materials": {
    "score": -0.06024412000865244,
    "flow": "OUTFLOW",
    "momentum_21d": -0.03454933155917883
  },
  "Real Estate": {
    "score": 0.002528631530811065,
    "flow": "NEUTRAL",
    "momentum_21d": 0.012283915531701606
  },
  "Communications": {
    "score": -0.015398842558242034,
    "flow": "NEUTRAL",
    "momentum_21d": -0.010989018845170007
  },
  "Staples": {
    "score": -0.009513875919898274,
    "flow": "NEUTRAL",
    "momentum_21d": 0.01413512527222216
  }
}