{
  "Technology": {
    "score": 0.09721691001743274,
    "flow": "INFLOW",
    "momentum_21d": 0.07897711155790832
  },
  "Healthcare": {
    "score": 0.0032046150089467956,
    "flow": "NEUTRAL",
    "momentum_21d": 0.014443009104040616
  },
  "Financials": {
    "score": 0.046296776221877466,
    "flow": "INFLOW",
    "momentum_21d": 0.039585791515348356
  },
  "Energy": {
    "score": -0.09320614271766114,
    "flow": "OUTFLOW",
    "momentum_21d": -0.10426422558359283
  },
  "Consumer": {
    "score": 0.01900972809905065,
    "flow": "NEUTRAL",
    "momentum_21d": -0.00669832880425647
  },
  "Industrials": {
    "score": 0.06734207992465907,
    "flow": "INFLOW",
    "momentum_21d": 0.06264281375187553
  },
  "Utilities": {
    "score": 0.014052073382454533,
    "flow": "NEUTRAL",
    "momentum_21d": 0.013704799670964052
  },
  "Materials": {
    "score": 0.053190935827473584,
    "flow": "INFLOW",
    "momentum_21d": 0.04716406573677667
  },
  "Real Estate": {
    "score": 0.012009505058056228,
    "flow": "NEUTRAL",
    "momentum_21d": -0.0049516367137520945
  },
  "Communications": {
    "score": -0.047406652381277906,
    "flow": "OUTFLOW",
    "momentum_21d": -0.05335917119934408
  },
  "Staples": {
    "score": -0.0042358213649776565,
    "flow": "NEUTRAL",
    "momentum_21d": -0.023152429902481675
  }
}