{
  "Technology": {
    "score": 0.1127218052877856,
    "flow": "INFLOW",
    "momentum_21d": 0.190308026903671
  },
  "Healthcare": {
    "score": -0.05557004521854928,
    "flow": "OUTFLOW",
    "momentum_21d": -0.011238975028426412
  },
  "Financials": {
    "score": -0.006510224065648818,
    "flow": "NEUTRAL",
    "momentum_21d": 0.048253572553033086
  },
  "Energy": {
    "score": 0.023905309608659657,
    "flow": "INFLOW",
    "momentum_21d": -0.006751080605551185
  },
  "Consumer": {
    "score": 0.02049450476562973,
    "flow": "INFLOW",
    "momentum_21d": 0.09690240942836548
  },
  "Industrials": {
    "score": 0.013731352429144894,
    "flow": "NEUTRAL",
    "momentum_21d": 0.05611529707306495
  },
  "Utilities": {
    "score": 0.005399589420005063,
    "flow": "NEUTRAL",
    "momentum_21d": 0.004531702282718486
  },
  "Materials": {
    "score": -0.007730558129233069,
    "flow": "NEUTRAL",
    "momentum_21d": 0.018647066644600363
  },
  "Real Estate": {
    "score": 0.037059378552918805,
    "flow": "INFLOW",
    "momentum_21d": 0.06512855190390154
  },
  "Communications": {
    "score": -0.008752300414987282,
    "flow": "NEUTRAL",
    "momentum_21d": 0.04494184789268196
  },
  "Staples": {
    "score": 0.0009754402212228223,
    "flow": "NEUTRAL",
    "momentum_21d": 0.02784221267908671
  }
}