{
  "Technology": {
    "score": 0.10663463419633946,
    "flow": "INFLOW",
    "momentum_21d": 0.08964379747948126
  },
  "Healthcare": {
    "score": 0.014457629998188984,
    "flow": "NEUTRAL",
    "momentum_21d": 0.032921467578078456
  },
  "Financials": {
    "score": 0.06792200932973366,
    "flow": "INFLOW",
    "momentum_21d": 0.0686888892571702
  },
  "Energy": {
    "score": -0.08636560370625383,
    "flow": "OUTFLOW",
    "momentum_21d": -0.10066898175032424
  },
  "Consumer": {
    "score": 0.02096743632167597,
    "flow": "INFLOW",
    "momentum_21d": 0.02086413588931424
  },
  "Industrials": {
    "score": 0.06760201376060532,
    "flow": "INFLOW",
    "momentum_21d": 0.07887873133400469
  },
  "Utilities": {
    "score": 0.0009029014527456696,
    "flow": "NEUTRAL",
    "momentum_21d": 0.011163710649105152
  },
  "Materials": {
    "score": 0.0702306360238795,
    "flow": "INFLOW",
    "momentum_21d": 0.08401302722203385
  },
  "Real Estate": {
    "score": 0.019687738122780598,
    "flow": "NEUTRAL",
    "momentum_21d": 0.01604464845445297
  },
  "Communications": {
    "score": -0.03983366766354697,
    "flow": "OUTFLOW",
    "momentum_21d": -0.047518319602288916
  },
  "Staples": {
    "score": 0.0020760293751258298,
    "flow": "NEUTRAL",
    "momentum_21d": -0.019049825292263733
  }
}