{
  "Technology": {
    "score": 0.15701395891805353,
    "flow": "INFLOW",
    "momentum_21d": 0.17434482676608898
  },
  "Healthcare": {
    "score": 0.009720403827530389,
    "flow": "NEUTRAL",
    "momentum_21d": 0.056286815675233415
  },
  "Financials": {
    "score": -0.01806531768849793,
    "flow": "NEUTRAL",
    "momentum_21d": -0.012519216758571039
  },
  "Energy": {
    "score": -0.030480987591692876,
    "flow": "OUTFLOW",
    "momentum_21d": -0.03523628763968267
  },
  "Consumer": {
    "score": 0.02813601879716916,
    "flow": "INFLOW",
    "momentum_21d": 0.04467649250524919
  },
  "Industrials": {
    "score": -0.00514450154379772,
    "flow": "NEUTRAL",
    "momentum_21d": 0.022774145488020814
  },
  "Utilities": {
    "score": -0.02594945660171947,
    "flow": "OUTFLOW",
    "momentum_21d": -0.02298597263672908
  },
  "Materials": {
    "score": -0.01678777390052333,
    "flow": "NEUTRAL",
    "momentum_21d": 0.007849323647275863
  },
  "Real Estate": {
    "score": 0.0028762945724029993,
    "flow": "NEUTRAL",
    "momentum_21d": 0.017644373706071192
  },
  "Communications": {
    "score": -0.008940887494502458,
    "flow": "NEUTRAL",
    "momentum_21d": 0.011969791330204593
  },
  "Staples": {
    "score": -0.01627052647511281,
    "flow": "NEUTRAL",
    "momentum_21d": 0.01821034936775945
  }
}