{
  "Technology": {
    "score": 0.0012541777512924245,
    "flow": "NEUTRAL",
    "momentum_21d": -0.05958884887818716
  },
  "Healthcare": {
    "score": 0.031720597231432515,
    "flow": "INFLOW",
    "momentum_21d": 0.06354127560468781
  },
  "Financials": {
    "score": 0.04430756886244827,
    "flow": "INFLOW",
    "momentum_21d": 0.0463686746441907
  },
  "Energy": {
    "score": 0.06328079279762981,
    "flow": "INFLOW",
    "momentum_21d": 0.07889380838520688
  },
  "Consumer": {
    "score": -0.008144362628425583,
    "flow": "NEUTRAL",
    "momentum_21d": 0.0003480156140394097
  },
  "Industrials": {
    "score": -0.000273225406472166,
    "flow": "NEUTRAL",
    "momentum_21d": -0.013806434122613398
  },
  "Utilities": {
    "score": 0.00019633473038965787,
    "flow": "NEUTRAL",
    "momentum_21d": 0.005366678381449219
  },
  "Materials": {
    "score": -0.01250807192398094,
    "flow": "NEUTRAL",
    "momentum_21d": -0.025377713787293144
  },
  "Real Estate": {
    "score": 0.01921020555252515,
    "flow": "NEUTRAL",
    "momentum_21d": 0.026578785933178306
  },
  "Communications": {
    "score": 0.0035386702556510783,
    "flow": "NEUTRAL",
    "momentum_21d": 0.031209049835524638
  },
  "Staples": {
    "score": 0.016496952389265254,
    "flow": "NEUTRAL",
    "momentum_21d": 0.02342422784873821
  }
}