{
  "Technology": {
    "score": 0.18446088497510635,
    "flow": "INFLOW",
    "momentum_21d": 0.19454544689214348
  },
  "Healthcare": {
    "score": 0.00038489053665207145,
    "flow": "NEUTRAL",
    "momentum_21d": 0.024453674437301398
  },
  "Financials": {
    "score": -0.01017596177764053,
    "flow": "NEUTRAL",
    "momentum_21d": -0.00987913637246085
  },
  "Energy": {
    "score": -0.05490773722949027,
    "flow": "OUTFLOW",
    "momentum_21d": -0.05532276558829796
  },
  "Consumer": {
    "score": 0.02269804504024473,
    "flow": "INFLOW",
    "momentum_21d": 0.022813727185869936
  },
  "Industrials": {
    "score": -0.016894302915944938,
    "flow": "NEUTRAL",
    "momentum_21d": -0.007646962423331294
  },
  "Utilities": {
    "score": -0.03247268651740023,
    "flow": "OUTFLOW",
    "momentum_21d": -0.05436924935386278
  },
  "Materials": {
    "score": -0.008737509011431034,
    "flow": "NEUTRAL",
    "momentum_21d": -0.0031086039171833724
  },
  "Real Estate": {
    "score": -0.005261634991576107,
    "flow": "NEUTRAL",
    "momentum_21d": -0.0085585823210782
  },
  "Communications": {
    "score": -0.0172640715519742,
    "flow": "NEUTRAL",
    "momentum_21d": -0.0061797374259873195
  },
  "Staples": {
    "score": -0.023256475959304395,
    "flow": "OUTFLOW",
    "momentum_21d": -0.012809799939913158
  }
}