{
  "Technology": {
    "score": 0.004928221036041545,
    "flow": "NEUTRAL",
    "momentum_21d": -0.08375816759652321
  },
  "Healthcare": {
    "score": 0.10881656396842403,
    "flow": "INFLOW",
    "momentum_21d": 0.10907175349300724
  },
  "Financials": {
    "score": 0.05881693550680008,
    "flow": "INFLOW",
    "momentum_21d": 0.09187908687935598
  },
  "Energy": {
    "score": -0.04410947694979659,
    "flow": "OUTFLOW",
    "momentum_21d": -0.08920329711321973
  },
  "Consumer": {
    "score": 0.021450896131451836,
    "flow": "INFLOW",
    "momentum_21d": 0.0038810426567597034
  },
  "Industrials": {
    "score": 0.05482603118060137,
    "flow": "INFLOW",
    "momentum_21d": 0.05084103012810259
  },
  "Utilities": {
    "score": 0.03096877630022801,
    "flow": "INFLOW",
    "momentum_21d": 0.047483617699568326
  },
  "Materials": {
    "score": 0.007956242269844316,
    "flow": "NEUTRAL",
    "momentum_21d": 0.0014061029167957706
  },
  "Real Estate": {
    "score": 0.043048395074959986,
    "flow": "INFLOW",
    "momentum_21d": 0.03333859565102615
  },
  "Communications": {
    "score": -0.0141055540857434,
    "flow": "NEUTRAL",
    "momentum_21d": -0.02454780370574683
  },
  "Staples": {
    "score": 0.03784837912954706,
    "flow": "INFLOW",
    "momentum_21d": 0.038681137426400225
  }
}