{
  "Technology": {
    "score": 0.15885862758238306,
    "flow": "INFLOW",
    "momentum_21d": 0.17610460791260896
  },
  "Healthcare": {
    "score": 0.008666725139261457,
    "flow": "NEUTRAL",
    "momentum_21d": 0.054641613936389444
  },
  "Financials": {
    "score": -0.019038928160948286,
    "flow": "NEUTRAL",
    "momentum_21d": -0.013578544707636309
  },
  "Energy": {
    "score": -0.028923174250032244,
    "flow": "OUTFLOW",
    "momentum_21d": -0.03379635732915609
  },
  "Consumer": {
    "score": 0.02447900624975505,
    "flow": "INFLOW",
    "momentum_21d": 0.04091070317109624
  },
  "Industrials": {
    "score": -0.002154907345257263,
    "flow": "NEUTRAL",
    "momentum_21d": 0.025716533656976903
  },
  "Utilities": {
    "score": -0.021067350641020905,
    "flow": "OUTFLOW",
    "momentum_21d": -0.01609020589845056
  },
  "Materials": {
    "score": -0.01168652443849916,
    "flow": "NEUTRAL",
    "momentum_21d": 0.007849323647275863
  },
  "Real Estate": {
    "score": 0.00646509675013868,
    "flow": "NEUTRAL",
    "momentum_21d": 0.02268564831148079
  },
  "Communications": {
    "score": -0.01112666290686385,
    "flow": "NEUTRAL",
    "momentum_21d": 0.009671245163632936
  },
  "Staples": {
    "score": -0.009962163575851864,
    "flow": "NEUTRAL",
    "momentum_21d": 0.020200230206772085
  }
}