{
  "Technology": {
    "score": 0.14337164433023572,
    "flow": "INFLOW",
    "momentum_21d": 0.11836826124437327
  },
  "Healthcare": {
    "score": -0.028677465930293904,
    "flow": "OUTFLOW",
    "momentum_21d": -0.013295288830704965
  },
  "Financials": {
    "score": -0.0185830453548661,
    "flow": "NEUTRAL",
    "momentum_21d": -0.01805055564619762
  },
  "Energy": {
    "score": 0.04775923099756035,
    "flow": "INFLOW",
    "momentum_21d": 0.09751223827207434
  },
  "Consumer": {
    "score": -0.030209314446296286,
    "flow": "OUTFLOW",
    "momentum_21d": -0.032118178153836774
  },
  "Industrials": {
    "score": -0.027271003506818645,
    "flow": "OUTFLOW",
    "momentum_21d": -0.021449084867474877
  },
  "Utilities": {
    "score": -0.07220790005249436,
    "flow": "OUTFLOW",
    "momentum_21d": -0.0460109189559853
  },
  "Materials": {
    "score": -0.042875817521175925,
    "flow": "OUTFLOW",
    "momentum_21d": -0.03714337820623925
  },
  "Real Estate": {
    "score": -0.01883438208498648,
    "flow": "NEUTRAL",
    "momentum_21d": -0.021505356128998288
  },
  "Communications": {
    "score": -0.006886173037194831,
    "flow": "NEUTRAL",
    "momentum_21d": -0.01503160978618423
  },
  "Staples": {
    "score": 0.015579979604627137,
    "flow": "NEUTRAL",
    "momentum_21d": 0.04169192358345053
  }
}