{
  "Technology": {
    "score": 0.05252269744404674,
    "flow": "INFLOW",
    "momentum_21d": 0.030103270273207583
  },
  "Healthcare": {
    "score": 0.050973756675519795,
    "flow": "INFLOW",
    "momentum_21d": 0.051586344288453656
  },
  "Financials": {
    "score": 0.05649307750611956,
    "flow": "INFLOW",
    "momentum_21d": 0.0632808401650633
  },
  "Energy": {
    "score": -0.02397829070807871,
    "flow": "OUTFLOW",
    "momentum_21d": -0.03517223723220697
  },
  "Consumer": {
    "score": 0.02077843431265962,
    "flow": "INFLOW",
    "momentum_21d": 0.008737747499358406
  },
  "Industrials": {
    "score": 0.015257077903510096,
    "flow": "NEUTRAL",
    "momentum_21d": 0.037283758590465954
  },
  "Utilities": {
    "score": 0.0018280115640803667,
    "flow": "NEUTRAL",
    "momentum_21d": 0.03476021742779567
  },
  "Materials": {
    "score": -0.017309066432014273,
    "flow": "NEUTRAL",
    "momentum_21d": -0.0020932204469966686
  },
  "Real Estate": {
    "score": 0.0005222808455353704,
    "flow": "NEUTRAL",
    "momentum_21d": -0.005145037587885648
  },
  "Communications": {
    "score": -0.007600539458168409,
    "flow": "NEUTRAL",
    "momentum_21d": -0.014036579682491945
  },
  "Staples": {
    "score": -0.0056128863805877,
    "flow": "NEUTRAL",
    "momentum_21d": -0.001203139031845324
  }
}