{
  "Technology": {
    "score": 0.1481130550137107,
    "flow": "INFLOW",
    "momentum_21d": 0.17665941649005368
  },
  "Healthcare": {
    "score": -0.02767313459819436,
    "flow": "OUTFLOW",
    "momentum_21d": -0.0192165596664986
  },
  "Financials": {
    "score": -0.01905647714458314,
    "flow": "NEUTRAL",
    "momentum_21d": -0.0033796686208211746
  },
  "Energy": {
    "score": 0.008869658383344269,
    "flow": "NEUTRAL",
    "momentum_21d": 0.03226095228887638
  },
  "Consumer": {
    "score": 0.0007223998750033982,
    "flow": "NEUTRAL",
    "momentum_21d": 0.015887997555239064
  },
  "Industrials": {
    "score": -0.0008652877946201398,
    "flow": "NEUTRAL",
    "momentum_21d": 0.006460888824651567
  },
  "Utilities": {
    "score": -0.02196313642848414,
    "flow": "OUTFLOW",
    "momentum_21d": -0.024424405130525573
  },
  "Materials": {
    "score": -0.006878914286154261,
    "flow": "NEUTRAL",
    "momentum_21d": 0.004326135283207799
  },
  "Real Estate": {
    "score": 0.01728668587060023,
    "flow": "NEUTRAL",
    "momentum_21d": 0.026594491622861538
  },
  "Communications": {
    "score": -0.01601978338746892,
    "flow": "NEUTRAL",
    "momentum_21d": -0.007378179721728717
  },
  "Staples": {
    "score": 0.006241250974699184,
    "flow": "NEUTRAL",
    "momentum_21d": 0.03915554674860622
  }
}