{
  "Technology": {
    "score": 0.006053284702363418,
    "flow": "NEUTRAL",
    "momentum_21d": -0.01797056037092304
  },
  "Healthcare": {
    "score": 0.02495413773996836,
    "flow": "INFLOW",
    "momentum_21d": 0.05000657758319549
  },
  "Financials": {
    "score": 0.03485831912134414,
    "flow": "INFLOW",
    "momentum_21d": 0.041017057176349514
  },
  "Energy": {
    "score": 0.05255549740558023,
    "flow": "INFLOW",
    "momentum_21d": 0.08795265908779837
  },
  "Consumer": {
    "score": -0.012189165543043421,
    "flow": "NEUTRAL",
    "momentum_21d": 0.0031205671666034718
  },
  "Industrials": {
    "score": 0.004198649603470562,
    "flow": "NEUTRAL",
    "momentum_21d": 0.006286895393481595
  },
  "Utilities": {
    "score": 0.01632057510534277,
    "flow": "NEUTRAL",
    "momentum_21d": 0.018748640479803846
  },
  "Materials": {
    "score": -0.003047046665967569,
    "flow": "NEUTRAL",
    "momentum_21d": -0.000786261090424567
  },
  "Real Estate": {
    "score": 0.012119632231466143,
    "flow": "NEUTRAL",
    "momentum_21d": 0.011424779193629053
  },
  "Communications": {
    "score": -0.005666438766448048,
    "flow": "NEUTRAL",
    "momentum_21d": 0.02307267811101954
  },
  "Staples": {
    "score": 0.010914992048107686,
    "flow": "NEUTRAL",
    "momentum_21d": 0.007883373424409701
  }
}