{
  "Technology": {
    "score": 0.15651561962673796,
    "flow": "INFLOW",
    "momentum_21d": 0.13103854048950403
  },
  "Healthcare": {
    "score": 0.016576782253535583,
    "flow": "NEUTRAL",
    "momentum_21d": 0.04071307167546134
  },
  "Financials": {
    "score": 0.006433007560121329,
    "flow": "NEUTRAL",
    "momentum_21d": 0.011571397158517849
  },
  "Energy": {
    "score": 0.041694291888581314,
    "flow": "INFLOW",
    "momentum_21d": 0.04457534543737851
  },
  "Consumer": {
    "score": -0.0003090428998632211,
    "flow": "NEUTRAL",
    "momentum_21d": 0.006992957996356131
  },
  "Industrials": {
    "score": -0.018999708862177535,
    "flow": "NEUTRAL",
    "momentum_21d": -0.0006957448619365758
  },
  "Utilities": {
    "score": -0.02420390172098501,
    "flow": "OUTFLOW",
    "momentum_21d": -0.018731088626039893
  },
  "Materials": {
    "score": -0.04569157318665999,
    "flow": "OUTFLOW",
    "momentum_21d": -0.030046178998650697
  },
  "Real Estate": {
    "score": 0.0033263034294692905,
    "flow": "NEUTRAL",
    "momentum_21d": 0.017339682632518727
  },
  "Communications": {
    "score": -0.010152546484592063,
    "flow": "NEUTRAL",
    "momentum_21d": -0.0002596397702887554
  },
  "Staples": {
    "score": -0.004073305593775813,
    "flow": "NEUTRAL",
    "momentum_21d": 0.019524209232951284
  }
}