{
  "Technology": {
    "score": 0.06500297936901574,
    "flow": "INFLOW",
    "momentum_21d": -0.029564089662686532
  },
  "Healthcare": {
    "score": 0.07893042258064165,
    "flow": "INFLOW",
    "momentum_21d": 0.06738550005053501
  },
  "Financials": {
    "score": 0.04044574530267446,
    "flow": "INFLOW",
    "momentum_21d": 0.04852064184477989
  },
  "Energy": {
    "score": -0.061557346179129856,
    "flow": "OUTFLOW",
    "momentum_21d": -0.04779139840645863
  },
  "Consumer": {
    "score": -0.012551374223129474,
    "flow": "NEUTRAL",
    "momentum_21d": -0.0611346108692451
  },
  "Industrials": {
    "score": 0.0663667577222998,
    "flow": "INFLOW",
    "momentum_21d": 0.04514274609798341
  },
  "Utilities": {
    "score": 0.044392638150288974,
    "flow": "INFLOW",
    "momentum_21d": 0.041788248239565284
  },
  "Materials": {
    "score": 0.01404762440906552,
    "flow": "NEUTRAL",
    "momentum_21d": 0.008429454341021048
  },
  "Real Estate": {
    "score": 0.050051416841678555,
    "flow": "INFLOW",
    "momentum_21d": 0.027616122646435315
  },
  "Communications": {
    "score": -0.05252836034567521,
    "flow": "OUTFLOW",
    "momentum_21d": -0.08754406657535918
  },
  "Staples": {
    "score": 0.01820636106225202,
    "flow": "NEUTRAL",
    "momentum_21d": 0.010277927886900295
  }
}