{
  "Technology": {
    "score": 0.14051068849391277,
    "flow": "INFLOW",
    "momentum_21d": 0.19441116135199277
  },
  "Healthcare": {
    "score": -0.04522988712144599,
    "flow": "OUTFLOW",
    "momentum_21d": -0.030871228512855065
  },
  "Financials": {
    "score": -0.02130986374638453,
    "flow": "OUTFLOW",
    "momentum_21d": 0.004285941908397817
  },
  "Energy": {
    "score": -0.020573995194584326,
    "flow": "OUTFLOW",
    "momentum_21d": -0.02407118479050374
  },
  "Consumer": {
    "score": 0.030012297357870896,
    "flow": "INFLOW",
    "momentum_21d": 0.06333155512630162
  },
  "Industrials": {
    "score": -0.005770291880552269,
    "flow": "NEUTRAL",
    "momentum_21d": 0.010511629786460253
  },
  "Utilities": {
    "score": -0.03399079886540268,
    "flow": "OUTFLOW",
    "momentum_21d": -0.043054136337194904
  },
  "Materials": {
    "score": -0.020355950317058648,
    "flow": "OUTFLOW",
    "momentum_21d": -0.005225404541018164
  },
  "Real Estate": {
    "score": 0.02114403030545595,
    "flow": "INFLOW",
    "momentum_21d": 0.03908265858959048
  },
  "Communications": {
    "score": 0.008622438234024239,
    "flow": "NEUTRAL",
    "momentum_21d": 0.02721624837415515
  },
  "Staples": {
    "score": -0.01725122880372796,
    "flow": "NEUTRAL",
    "momentum_21d": 0.006351185477216026
  }
}