{
  "Technology": {
    "score": 0.00040089430395855337,
    "flow": "NEUTRAL",
    "momentum_21d": -0.050413799432644124
  },
  "Healthcare": {
    "score": 0.04890378842448717,
    "flow": "INFLOW",
    "momentum_21d": 0.06295809647916939
  },
  "Financials": {
    "score": 0.04469143744065753,
    "flow": "INFLOW",
    "momentum_21d": 0.044492411214363425
  },
  "Energy": {
    "score": 0.04215265798063288,
    "flow": "INFLOW",
    "momentum_21d": 0.037322580703371244
  },
  "Consumer": {
    "score": -0.0021421260682819945,
    "flow": "NEUTRAL",
    "momentum_21d": -0.006381231797214171
  },
  "Industrials": {
    "score": 0.0012042308386305228,
    "flow": "NEUTRAL",
    "momentum_21d": -0.001218433298558974
  },
  "Utilities": {
    "score": -0.0016945375656107608,
    "flow": "NEUTRAL",
    "momentum_21d": 0.010628970421634243
  },
  "Materials": {
    "score": -0.02225299664564401,
    "flow": "OUTFLOW",
    "momentum_21d": -0.03735858646272072
  },
  "Real Estate": {
    "score": 0.012007208385632342,
    "flow": "NEUTRAL",
    "momentum_21d": 0.011894289365677047
  },
  "Communications": {
    "score": 0.0073489306296455,
    "flow": "NEUTRAL",
    "momentum_21d": 0.01576777738906543
  },
  "Staples": {
    "score": 0.011959016753310157,
    "flow": "NEUTRAL",
    "momentum_21d": 0.0076445443503667665
  }
}