{
  "Technology": {
    "score": 0.002478762452333206,
    "flow": "NEUTRAL",
    "momentum_21d": -0.025129778895523813
  },
  "Healthcare": {
    "score": 0.03353749840498254,
    "flow": "INFLOW",
    "momentum_21d": 0.052755109330935746
  },
  "Financials": {
    "score": 0.03525260253081215,
    "flow": "INFLOW",
    "momentum_21d": 0.039277746880213904
  },
  "Energy": {
    "score": 0.08622828015702033,
    "flow": "INFLOW",
    "momentum_21d": 0.10845625175264573
  },
  "Consumer": {
    "score": -0.06535039514139428,
    "flow": "OUTFLOW",
    "momentum_21d": -0.05483616559770943
  },
  "Industrials": {
    "score": 0.013042130064740799,
    "flow": "NEUTRAL",
    "momentum_21d": 0.009599887148808106
  },
  "Utilities": {
    "score": 0.012655944836661727,
    "flow": "NEUTRAL",
    "momentum_21d": 0.014273115900619526
  },
  "Materials": {
    "score": -0.01852891824431975,
    "flow": "NEUTRAL",
    "momentum_21d": -0.017005452198584625
  },
  "Real Estate": {
    "score": 0.009286200850406982,
    "flow": "NEUTRAL",
    "momentum_21d": 0.009885474230480584
  },
  "Communications": {
    "score": -0.0436079948570151,
    "flow": "OUTFLOW",
    "momentum_21d": -0.010887963695711877
  },
  "Staples": {
    "score": -0.011139764032328258,
    "flow": "NEUTRAL",
    "momentum_21d": -0.014566595468624044
  }
}