{
  "Technology": {
    "score": 0.06151212705753075,
    "flow": "INFLOW",
    "momentum_21d": 0.003798164889874167
  },
  "Healthcare": {
    "score": 0.052963303343238816,
    "flow": "INFLOW",
    "momentum_21d": 0.05605181553693561
  },
  "Financials": {
    "score": 0.04345286843448969,
    "flow": "INFLOW",
    "momentum_21d": 0.05570780362185701
  },
  "Energy": {
    "score": -0.059125231282161614,
    "flow": "OUTFLOW",
    "momentum_21d": -0.04784118353213174
  },
  "Consumer": {
    "score": -0.020111320823802223,
    "flow": "OUTFLOW",
    "momentum_21d": -0.058267051854583696
  },
  "Industrials": {
    "score": 0.08034795435411655,
    "flow": "INFLOW",
    "momentum_21d": 0.06135408064492065
  },
  "Utilities": {
    "score": 0.025714273179976786,
    "flow": "INFLOW",
    "momentum_21d": 0.015637816963439466
  },
  "Materials": {
    "score": 0.022434725632674728,
    "flow": "INFLOW",
    "momentum_21d": 0.020213142492779168
  },
  "Real Estate": {
    "score": 0.017753407158237425,
    "flow": "NEUTRAL",
    "momentum_21d": 0.002321032238973064
  },
  "Communications": {
    "score": -0.05958133677575154,
    "flow": "OUTFLOW",
    "momentum_21d": -0.08561986529148735
  },
  "Staples": {
    "score": 0.011929171849160891,
    "flow": "NEUTRAL",
    "momentum_21d": 0.0024741868018300917
  }
}