{
  "Technology": {
    "score": 0.14215883009159538,
    "flow": "INFLOW",
    "momentum_21d": 0.14195003263314598
  },
  "Healthcare": {
    "score": -0.045080610180144996,
    "flow": "OUTFLOW",
    "momentum_21d": -0.024865570378753254
  },
  "Financials": {
    "score": -0.026859391981290462,
    "flow": "OUTFLOW",
    "momentum_21d": -0.02536719098442175
  },
  "Energy": {
    "score": 0.03840275490025414,
    "flow": "INFLOW",
    "momentum_21d": 0.08033438989769448
  },
  "Consumer": {
    "score": -0.026072115871080825,
    "flow": "OUTFLOW",
    "momentum_21d": -0.03222327684417681
  },
  "Industrials": {
    "score": -0.01202103368068584,
    "flow": "NEUTRAL",
    "momentum_21d": -0.012160686284088618
  },
  "Utilities": {
    "score": -0.07625301047935834,
    "flow": "OUTFLOW",
    "momentum_21d": -0.04961007199084144
  },
  "Materials": {
    "score": -0.03373561751869866,
    "flow": "OUTFLOW",
    "momentum_21d": -0.030454930580672945
  },
  "Real Estate": {
    "score": -0.029921175890676686,
    "flow": "OUTFLOW",
    "momentum_21d": -0.028102518274827126
  },
  "Communications": {
    "score": -0.017321254950624886,
    "flow": "NEUTRAL",
    "momentum_21d": -0.0253568151281095
  },
  "Staples": {
    "score": 0.0020006373393642403,
    "flow": "NEUTRAL",
    "momentum_21d": 0.02643706438733484
  }
}