{
  "Technology": {
    "score": 0.14300625142577075,
    "flow": "INFLOW",
    "momentum_21d": 0.12605856676087557
  },
  "Healthcare": {
    "score": -0.010835025290509549,
    "flow": "NEUTRAL",
    "momentum_21d": 0.011033447303689714
  },
  "Financials": {
    "score": -0.02110082661188294,
    "flow": "OUTFLOW",
    "momentum_21d": -0.016156738400238457
  },
  "Energy": {
    "score": 0.05968538583017282,
    "flow": "INFLOW",
    "momentum_21d": 0.09673709211090964
  },
  "Consumer": {
    "score": -0.03781376329548001,
    "flow": "OUTFLOW",
    "momentum_21d": -0.031436478317180216
  },
  "Industrials": {
    "score": -0.03411712373707289,
    "flow": "OUTFLOW",
    "momentum_21d": -0.01090757752308491
  },
  "Utilities": {
    "score": -0.033789205677823314,
    "flow": "OUTFLOW",
    "momentum_21d": -0.01612908290351156
  },
  "Materials": {
    "score": -0.06333455639062747,
    "flow": "OUTFLOW",
    "momentum_21d": -0.047711052711275626
  },
  "Real Estate": {
    "score": -0.008001130709065062,
    "flow": "NEUTRAL",
    "momentum_21d": 0.003540488769210315
  },
  "Communications": {
    "score": -0.014937174318997638,
    "flow": "NEUTRAL",
    "momentum_21d": -0.009431574960687361
  },
  "Staples": {
    "score": 0.019714721306593797,
    "flow": "NEUTRAL",
    "momentum_21d": 0.05070872081597977
  }
}