{
  "Technology": {
    "score": 0.14300681708586774,
    "flow": "INFLOW",
    "momentum_21d": 0.11316657185220991
  },
  "Healthcare": {
    "score": -0.015017017616664075,
    "flow": "NEUTRAL",
    "momentum_21d": 0.0019469080052871846
  },
  "Financials": {
    "score": -0.016828926251455302,
    "flow": "NEUTRAL",
    "momentum_21d": -0.012737041317534059
  },
  "Energy": {
    "score": 0.0678675899825055,
    "flow": "INFLOW",
    "momentum_21d": 0.06446764058616528
  },
  "Consumer": {
    "score": -0.02234962267332722,
    "flow": "OUTFLOW",
    "momentum_21d": -0.01505087791923132
  },
  "Industrials": {
    "score": -0.020080012608666476,
    "flow": "OUTFLOW",
    "momentum_21d": -0.0007015617510388594
  },
  "Utilities": {
    "score": -0.02064977289990305,
    "flow": "OUTFLOW",
    "momentum_21d": -0.006240222553201558
  },
  "Materials": {
    "score": -0.053545747594165444,
    "flow": "OUTFLOW",
    "momentum_21d": -0.044858203372595606
  },
  "Real Estate": {
    "score": 0.0051119946472114155,
    "flow": "NEUTRAL",
    "momentum_21d": 0.018522786979611183
  },
  "Communications": {
    "score": -0.02322802312892549,
    "flow": "OUTFLOW",
    "momentum_21d": -0.01908720777421602
  },
  "Staples": {
    "score": 0.018430239682997195,
    "flow": "NEUTRAL",
    "momentum_21d": 0.045913976556360314
  }
}